2011-07-01_2011-09-30,"[1.0, 4954.25, 88.6725, 63.67999999999999, 19.59, 68.79, 23.855, 22.810000000000002, 64.38499999999999, 32.435, 4.99, 3.1175000000000006, 1.355, 0.615, 0.675, 0.28500000000000003, 0.18250000000000002, 1.8699999999999999, 6.42, 10.942499999999999, 4.3425, 3.12, 3.0725000000000002, 0.7274999999999999, 7.8525, 3.8525, 1.2225000000000001, 0.5525, 2.3575, 2.5675, 5.3275, 3.83, 1.395, 0.26, 0.335, 0.28, 6.04, 0.0975, 0.2175, 0.16500000000000004, 0.2775, 6.1425, 1.2650000000000001, 0.8374999999999999, 0.9349999999999999, 0.8575, 1.1775, 1.6849999999999998, 1.475, 0.81, 0.40750000000000003, 0.22250000000000003, 0.63, 0.195, 0.205, 0.015000000000000001, 0.23500000000000001, 7.3500000000000005, 2.2475, 1.0975000000000001, 2.955, 1.3125, 0.47500000000000003, 1.345, 6.7125, 0.8525, 11.6425, 1.0299999999999998, 6.2275, 4.572500000000001, 3.5025, 3.14, 0.205, 1.3375000000000001, 0.5425, 0.05499999999999999, 3.4125000000000005, 0.0325, 3.1325, 0.9525, 0.0725, 0.0175, 43.2325, 8.0725, 2.0075, 3.1975, 3.6125, 0.3875, 1.475, 1.6025, 4.0325, 0.0025, 0.5275]"
2011-10-01_2011-12-31,"[1.0, 13246.75, 88.0175, 67.61, 18.409999999999997, 72.685, 27.8375, 24.404999999999998, 66.165, 33.235, 5.485, 3.2725, 1.2874999999999999, 0.8074999999999999, 0.7425, 0.27, 0.16749999999999998, 2.205, 6.8375, 10.917499999999999, 4.3375, 3.0250000000000004, 3.1125, 0.7875, 7.8225, 3.755, 1.28, 0.5575, 2.1750000000000003, 2.12, 5.25, 3.875, 1.3499999999999999, 0.22249999999999998, 0.28500000000000003, 0.385, 7.13, 0.09, 0.25249999999999995, 0.14500000000000002, 0.29500000000000004, 6.562499999999999, 1.4100000000000001, 0.8299999999999998, 1.0825, 1.095, 1.1425, 1.875, 2.025, 1.2, 0.6174999999999999, 0.195, 0.56, 0.1275, 0.235, 0.017499999999999998, 0.1925, 8.595, 2.995, 1.37, 2.97, 1.4325, 0.655, 1.45, 6.24, 0.99, 11.2225, 1.2075, 5.9625, 4.297499999999999, 4.1775, 4.4725, 0.16999999999999998, 1.305, 0.34, 0.08, 3.36, 0.049999999999999996, 3.035, 0.6299999999999999, 0.1225, 0.0225, 41.7725, 7.137499999999999, 2.0125, 3.0124999999999997, 3.0375, 0.32999999999999996, 2.0500000000000003, 1.7550000000000001, 4.3, 0.0125, 0.8674999999999999]"
2012-01-01_2012-03-31,"[1.0, 6775.0, 88.5375, 65.175, 17.9225, 61.42, 28.229999999999997, 23.775, 63.9225, 32.035000000000004, 5.4399999999999995, 3.3525, 1.3875, 0.76, 0.645, 0.34, 0.215, 2.0825, 6.315, 10.707500000000001, 4.217499999999999, 2.8899999999999997, 2.885, 0.74, 7.319999999999999, 3.9300000000000006, 1.3000000000000003, 0.505, 2.31, 2.2325, 4.3625, 3.1399999999999997, 1.16, 0.12000000000000001, 0.20249999999999999, 0.2625, 6.365, 0.0475, 0.3275, 0.1425, 0.335, 6.217499999999999, 1.375, 0.8525, 0.9349999999999999, 1.025, 1.1849999999999998, 1.6775, 2.0025, 1.13, 0.5499999999999999, 0.325, 0.6100000000000001, 0.1275, 0.2475, 0.0225, 0.23249999999999998, 7.4725, 2.44, 1.1875, 2.965, 1.15, 0.5825, 1.575, 5.9725, 0.7825, 11.477500000000001, 1.04, 6.25, 4.3475, 3.9300000000000006, 3.3150000000000004, 0.18000000000000002, 1.18, 0.4325, 0.14500000000000002, 3.825, 0.02, 3.5374999999999996, 1.17, 0.0975, 0.0125, 44.5325, 7.0225, 1.8699999999999999, 3.425, 3.23, 0.295, 2.0100000000000002, 1.7375, 4.1625, 0.01, 0.96]"
2012-04-01_2012-06-30,"[1.0, 6124.5, 87.41, 66.47999999999999, 26.412499999999998, 71.205, 21.7775, 23.6725, 66.4775, 34.947500000000005, 6.165, 3.9124999999999996, 1.6524999999999999, 0.7325, 1.075, 0.30250000000000005, 0.15500000000000003, 2.2475, 6.375, 11.660000000000002, 4.22, 3.4075, 3.6825, 0.7875000000000001, 7.9399999999999995, 3.7574999999999994, 1.3449999999999998, 0.6175, 2.415, 2.2, 5.0925, 3.92, 1.1025, 0.11, 0.2175, 0.24, 6.8425, 0.1375, 0.3775, 0.2225, 0.3325, 6.4975000000000005, 1.4825, 0.8150000000000001, 0.91, 1.095, 1.1475, 1.855, 2.0949999999999998, 1.1824999999999999, 0.4799999999999999, 0.36000000000000004, 0.79, 0.2, 0.3825, 0.02, 0.235, 8.082500000000001, 2.92, 1.35, 2.8325, 1.3375, 0.5025, 1.3925, 6.642499999999999, 1.1900000000000002, 12.4175, 1.1375, 6.907500000000001, 4.7425, 3.505, 3.5100000000000002, 0.295, 0.66, 0.465, 0.05, 2.9275, 0.0075, 2.54, 0.42500000000000004, 0.17250000000000001, 0.015, 42.707499999999996, 7.555000000000001, 2.2300000000000004, 2.8649999999999998, 2.7675, 0.325, 2.4299999999999997, 1.84, 4.755, 0.0075, 1.1925000000000001]"
2012-07-01_2012-09-30,"[1.0, 5597.75, 88.41749999999999, 65.94, 23.4525, 77.36749999999999, 19.3525, 23.6675, 65.33, 35.287499999999994, 6.0975, 3.64, 1.5325000000000002, 0.68, 0.945, 0.2925, 0.185, 2.45, 6.859999999999999, 11.5975, 4.380000000000001, 3.4225000000000003, 3.4450000000000003, 0.77, 8.235, 3.445, 1.2399999999999998, 0.7999999999999999, 2.5325, 1.8525, 4.68, 3.8, 0.845, 0.09000000000000001, 0.18000000000000002, 0.21000000000000002, 6.6000000000000005, 0.065, 0.2575, 0.15250000000000002, 0.3025, 5.925, 1.0775, 0.9875, 0.8300000000000001, 1.025, 1.0374999999999999, 1.6800000000000002, 1.9474999999999998, 1.0925, 0.5549999999999999, 0.2475, 0.8625, 0.2125, 0.445, 0.030000000000000002, 0.21000000000000002, 7.465, 2.5425, 1.4875, 2.5175, 1.5175, 0.47500000000000003, 1.3175, 6.830000000000001, 1.0025, 12.3675, 1.2275, 6.702500000000001, 4.83, 3.6100000000000003, 3.085, 0.21500000000000002, 0.9275, 0.395, 0.0225, 2.7325, 0.025, 2.395, 0.26, 0.135, 0.0075, 41.275000000000006, 7.875, 2.1075, 2.465, 2.69, 0.5249999999999999, 2.1875, 2.1275, 4.125, 0.01, 0.9675000000000001]"
2012-10-01_2012-12-31,"[1.0, 6772.75, 87.6675, 68.35249999999999, 23.222500000000004, 85.0875, 22.775, 24.7875, 67.6825, 34.96, 6.2575, 3.8175, 1.6375000000000002, 0.7450000000000001, 0.8775, 0.265, 0.29250000000000004, 2.4425, 6.635000000000001, 11.584999999999999, 4.53, 3.0949999999999998, 3.245, 0.7849999999999999, 8.4525, 3.905, 1.4575, 0.6350000000000001, 2.7424999999999997, 1.9375, 5.262500000000001, 4.385, 0.8525, 0.0925, 0.16, 0.2075, 7.55, 0.14, 0.38249999999999995, 0.20249999999999999, 0.2975, 6.454999999999999, 1.2399999999999998, 1.02, 0.9275, 1.01, 1.1900000000000002, 1.8125, 2.6275, 1.6475, 0.6375, 0.32, 0.8425, 0.19749999999999998, 0.38, 0.027500000000000004, 0.26, 8.532499999999999, 3.4, 1.4625, 2.7475, 1.5, 0.5025, 1.6925, 6.59, 1.0, 12.04, 1.1775, 6.6225000000000005, 4.6475, 4.035, 4.5475, 0.21500000000000002, 1.0625, 0.4325, 0.0925, 3.2199999999999998, 0.02, 2.8375, 0.34249999999999997, 0.135, 0.015000000000000001, 42.9425, 7.425, 2.2424999999999997, 2.8475, 3.28, 0.3175, 2.2425, 1.7699999999999998, 4.609999999999999, 0.0125, 1.0325]"
2013-01-01_2013-03-31,"[1.0, 6477.75, 86.5025, 64.0425, 19.6625, 60.86, 17.925, 23.965000000000003, 65.26249999999999, 34.1175, 6.055, 3.7150000000000003, 1.7875, 0.7275, 0.8025, 0.20249999999999999, 0.19500000000000003, 2.34, 6.0475, 11.125, 4.92, 3.1775, 3.22, 0.84, 8.254999999999999, 4.1899999999999995, 1.575, 0.5874999999999999, 2.99, 2.0975, 4.6825, 3.2399999999999998, 1.3575, 0.0975, 0.19749999999999998, 0.3225, 6.55, 0.07250000000000001, 0.35, 0.185, 0.18500000000000003, 6.500000000000001, 1.3199999999999998, 0.9125, 1.15, 0.9575, 1.3175000000000001, 1.7850000000000001, 2.1125000000000003, 1.4174999999999998, 0.48750000000000004, 0.2025, 0.4975, 0.1175, 0.2075, 0.025, 0.15750000000000003, 8.252500000000001, 2.9625, 1.2974999999999999, 2.8275, 1.1375, 0.7949999999999999, 1.2875, 6.962499999999999, 0.9924999999999999, 12.005, 0.97, 6.5075, 4.705, 3.7125, 3.2350000000000003, 0.13499999999999998, 1.06, 0.46249999999999997, 0.0475, 3.835, 0.0125, 3.5374999999999996, 0.49, 0.1125, 0.0075, 43.29, 8.225, 2.125, 2.985, 2.5075, 0.48000000000000004, 2.1575, 1.9625000000000001, 4.1975, 0.01, 0.6525000000000001]"
2013-04-01_2013-06-30,"[1.0, 6492.5, 88.39249999999998, 69.28999999999999, 18.015, 75.685, 18.769999999999996, 26.275, 66.365, 34.485, 6.0024999999999995, 3.3874999999999997, 1.3375, 0.8399999999999999, 0.77, 0.22249999999999998, 0.21499999999999997, 2.615, 6.45, 11.6675, 4.4375, 2.8575, 3.46, 0.8, 8.1275, 3.7125, 1.39, 0.64, 2.6475, 1.5825, 4.695, 3.7125, 0.9225000000000001, 0.12249999999999998, 0.18, 0.17750000000000002, 7.475, 0.11000000000000001, 0.2875, 0.1825, 0.255, 6.379999999999999, 1.1875, 1.0474999999999999, 1.0075, 1.0150000000000001, 1.1, 1.7149999999999999, 2.765, 2.0425, 0.47750000000000004, 0.20750000000000002, 0.55, 0.0925, 0.21500000000000002, 0.0925, 0.14750000000000002, 8.96, 3.6424999999999996, 1.355, 3.1425, 1.1925000000000001, 0.54, 1.5975000000000001, 6.4675, 0.9275000000000001, 11.6075, 1.2374999999999998, 6.4399999999999995, 4.1525, 4.62, 3.9549999999999996, 0.2675, 1.2, 0.3475, 0.08, 3.79, 0.0925, 3.4525, 0.3, 0.1175, 0.005, 40.9675, 8.0525, 2.335, 2.4575, 2.5025, 0.385, 2.3649999999999998, 2.115, 4.325, 0.0125, 0.7699999999999999]"
2013-07-01_2013-09-30,"[1.0, 7542.25, 89.305, 69.655, 16.425, 76.74249999999999, 17.39, 25.35, 62.735, 32.5675, 5.83, 3.44, 1.395, 0.655, 0.89, 0.335, 0.16999999999999998, 2.3875, 6.032500000000001, 11.049999999999999, 4.085, 3.0725, 3.035, 0.7, 7.682499999999999, 3.6075, 1.1875, 0.68, 2.5774999999999997, 1.5299999999999998, 4.64, 3.71, 0.8775000000000001, 0.0875, 0.2275, 0.16749999999999998, 7.22, 0.145, 0.34, 0.2275, 0.2675, 5.4925, 1.1400000000000001, 0.7625, 0.8625, 0.87, 1.085, 1.435, 2.8875, 2.185, 0.4275, 0.24750000000000003, 0.7025, 0.17, 0.2325, 0.04, 0.2775, 8.07, 3.3025, 1.27, 2.54, 1.395, 0.5, 1.4175, 6.5025, 0.7875000000000001, 11.514999999999999, 1.2775000000000003, 6.42, 4.09, 3.145, 4.532500000000001, 0.2475, 0.8425, 0.2275, 0.1225, 4.005, 0.0325, 3.6875, 0.22, 0.15, 0.0125, 46.9, 8.8825, 1.9375000000000002, 2.73, 2.39, 0.6649999999999999, 3.445, 3.3325, 3.9, 0.0075, 0.885]"
2013-10-01_2013-12-31,"[1.0, 2452.5, 89.80749999999999, 70.1875, 13.227500000000001, 86.6725, 17.5775, 26.11, 64.47, 33.3975, 5.3725, 2.915, 1.0025000000000002, 0.6075, 0.9099999999999999, 0.20750000000000002, 0.19249999999999998, 2.4575, 6.535, 11.7275, 4.4350000000000005, 2.8475, 3.175, 0.8024999999999999, 7.7425, 4.1925, 1.5474999999999999, 0.615, 2.6049999999999995, 1.8624999999999998, 5.1325, 4.382499999999999, 0.6525000000000001, 0.0375, 0.1575, 0.135, 7.057500000000001, 0.0825, 0.31, 0.28, 0.2, 5.5575, 1.2225, 0.8675, 0.8799999999999999, 0.9624999999999999, 0.9975, 1.4124999999999999, 2.645, 1.7575, 0.51, 0.355, 0.6425000000000001, 0.2375, 0.185, 0.0175, 0.21999999999999997, 7.917500000000001, 3.03, 1.4125, 2.455, 1.53, 0.49750000000000005, 1.6949999999999998, 6.165000000000001, 0.7725, 11.344999999999999, 0.9324999999999999, 6.335, 4.2775, 4.407500000000001, 3.16, 0.2775, 1.18, 0.3425, 0.11250000000000002, 3.7475000000000005, 0.0175, 3.475, 0.35500000000000004, 0.12000000000000001, 0.0, 43.572500000000005, 8.3825, 2.1975, 3.0300000000000002, 1.8925, 0.5225, 2.7824999999999998, 2.765, 4.22, 0.01, 1.345]"
2014-01-01_2014-03-31,"[1.0, 3146.0, 86.5925, 68.795, 16.275000000000002, 73.945, 16.255, 25.775000000000002, 64.995, 33.5275, 5.880000000000001, 3.445, 1.265, 0.6625, 1.0725, 0.32499999999999996, 0.12499999999999999, 2.4325, 6.0775, 11.27, 4.3925, 3.2325000000000004, 3.1875, 0.9349999999999999, 7.967499999999999, 3.8425000000000007, 1.4224999999999999, 0.6975, 3.0825, 1.8175, 4.680000000000001, 3.6774999999999998, 0.9475, 0.055, 0.1975, 0.1775, 7.199999999999999, 0.1225, 0.13999999999999999, 0.1975, 0.35, 6.4925, 1.58, 0.9349999999999999, 0.8125000000000001, 1.035, 1.2100000000000002, 1.6075, 2.7199999999999998, 2.05, 0.4375, 0.2725, 0.5, 0.10250000000000001, 0.22249999999999998, 0.015, 0.17750000000000002, 8.79, 3.48, 1.625, 2.8300000000000005, 1.335, 0.465, 1.56, 7.039999999999999, 0.8925, 11.544999999999998, 1.1025, 5.705, 5.09, 3.9324999999999997, 3.865, 0.135, 0.89, 0.38500000000000006, 0.04, 4.295, 0.02, 3.9850000000000003, 0.15000000000000002, 0.21500000000000002, 0.0, 45.875, 9.145, 1.9975, 2.995, 2.41, 1.1549999999999998, 2.7325, 2.8425000000000002, 3.7, 0.027500000000000004, 1.4124999999999996]"
2014-04-01_2014-06-30,"[1.0, 4265.25, 89.6325, 73.86749999999999, 13.067500000000003, 85.7775, 15.6525, 25.8575, 64.9325, 34.345, 5.9975, 3.6825, 1.0074999999999998, 0.965, 1.155, 0.36, 0.1925, 2.3150000000000004, 6.359999999999999, 11.3125, 4.3375, 3.6874999999999996, 3.2825, 0.845, 7.9175, 3.89, 1.3824999999999998, 0.71, 2.365, 1.8650000000000002, 5.0325, 4.3875, 0.6275, 0.0425, 0.1125, 0.1275, 7.625, 0.14500000000000002, 0.20500000000000002, 0.215, 0.2925, 6.1225000000000005, 1.24, 0.7625, 0.9650000000000001, 1.0775, 1.2575, 1.4125, 2.8850000000000002, 2.1125, 0.47000000000000003, 0.29250000000000004, 0.655, 0.14500000000000002, 0.22999999999999998, 0.0325, 0.2525, 8.719999999999999, 3.56, 1.4875, 2.68, 1.6374999999999997, 0.46, 1.4649999999999996, 6.515000000000001, 0.985, 11.377499999999998, 0.9575, 6.41, 4.047499999999999, 3.4099999999999997, 4.470000000000001, 0.14250000000000002, 0.8599999999999999, 0.4625, 0.16, 4.154999999999999, 0.0125, 3.8099999999999996, 0.495, 0.1375, 0.0125, 46.8775, 8.645000000000001, 2.2800000000000002, 3.1100000000000003, 1.9, 0.5924999999999999, 3.4025, 2.885, 4.7275, 0.022500000000000003, 1.285]"
2014-07-01_2014-09-30,"[1.0, 3138.0, 89.845, 68.6075, 13.655000000000001, 77.38499999999999, 17.04, 28.54, 65.4675, 32.9875, 6.0475, 3.5975, 1.4325, 0.7525000000000001, 0.665, 0.2625, 0.4875, 2.4499999999999997, 6.595000000000001, 10.8275, 4.2524999999999995, 2.7875, 2.9074999999999998, 0.7274999999999999, 8.2575, 3.7249999999999996, 1.6974999999999998, 0.6125, 2.515, 1.67, 5.084999999999999, 4.02, 1.03, 0.1725, 0.455, 0.16, 7.352499999999999, 0.0825, 0.385, 0.05, 0.395, 6.505000000000001, 1.2925, 0.94, 0.85, 1.0225, 1.29, 1.5650000000000002, 2.715, 2.12, 0.3575, 0.1625, 0.7175, 0.17, 0.4575, 0.01, 0.1325, 9.405, 3.8200000000000003, 1.775, 3.2, 1.4024999999999999, 0.5575, 1.8074999999999999, 6.3325, 0.9075000000000001, 10.782499999999999, 0.9025, 6.012499999999999, 4.1875, 4.8725, 3.75, 0.17, 0.9349999999999999, 0.1625, 0.1075, 3.9975, 0.0075, 3.625, 0.1225, 0.28, 0.08000000000000002, 47.224999999999994, 8.254999999999999, 2.67, 2.86, 2.515, 1.21, 2.78, 3.9225, 4.83, 0.005, 1.2625000000000002]"
2014-10-01_2014-12-31,"[1.0, 4273.0, 85.105, 66.95500000000001, 16.0625, 79.515, 17.607499999999998, 25.7525, 63.9725, 34.3775, 6.357500000000001, 3.755, 1.7874999999999999, 0.725, 0.875, 0.2375, 0.13, 2.6, 6.6975, 10.745000000000001, 4.920000000000001, 3.135, 3.0225000000000004, 0.885, 8.252500000000001, 3.7975000000000003, 1.4575, 0.6625, 2.9775, 1.09, 4.8, 3.8449999999999998, 0.8200000000000001, 0.045, 0.23, 0.13749999999999998, 7.322500000000001, 0.09749999999999999, 0.3, 0.275, 0.265, 5.512500000000001, 1.1725, 0.8125, 0.74, 0.9850000000000001, 0.8025, 1.5425, 2.8674999999999997, 1.8724999999999998, 0.6925, 0.17, 0.6025, 0.165, 0.305, 0.0075, 0.13, 8.435, 3.5599999999999996, 1.325, 2.3200000000000003, 1.645, 0.4275, 1.98, 6.4825, 0.715, 10.537500000000001, 1.1725, 5.4225, 4.4175, 3.185, 4.205, 0.18, 0.6425000000000001, 0.36750000000000005, 0.11249999999999999, 4.24, 0.035, 3.9924999999999997, 0.34750000000000003, 0.11249999999999999, 0.0, 46.1675, 9.19, 1.9825, 2.3499999999999996, 2.7025, 0.47, 2.425, 3.6399999999999997, 3.9324999999999997, 0.0, 0.845]"
2015-01-01_2015-03-31,"[1.0, 2415.75, 90.165, 70.485, 17.5475, 58.25750000000001, 18.555, 26.212500000000002, 61.837500000000006, 31.075, 5.4025, 3.23, 1.4674999999999998, 0.6225, 0.755, 0.155, 0.2325, 2.165, 5.9025, 10.6975, 3.6674999999999995, 3.3025, 2.9299999999999997, 0.5725, 6.6925, 3.9974999999999996, 1.395, 0.5525, 3.6224999999999996, 1.185, 4.984999999999999, 3.3175, 1.5825000000000002, 0.3475, 0.2825, 0.1875, 7.655000000000001, 0.0975, 0.255, 0.19749999999999998, 0.1525, 5.3025, 1.1325, 0.6950000000000001, 0.9325000000000001, 0.785, 1.0225000000000002, 1.5575, 2.8949999999999996, 2.285, 0.3775, 0.21, 0.855, 0.24000000000000002, 0.255, 0.0275, 0.37250000000000005, 8.5025, 3.795, 1.4175, 2.7925, 1.1724999999999999, 0.365, 1.1575000000000002, 5.64, 1.06, 11.155000000000001, 0.9275000000000001, 5.992500000000001, 4.4, 3.06, 4.055, 0.2625, 0.7224999999999999, 0.395, 0.135, 5.6475, 0.01, 5.1025, 0.7125, 0.31250000000000006, 0.0, 49.739999999999995, 10.4125, 1.895, 2.705, 3.1525, 0.37250000000000005, 3.1025, 3.7725, 3.455, 0.0, 0.925]"
2015-04-01_2015-06-30,"[1.0, 3339.5, 84.25, 75.11250000000001, 14.33, 71.4575, 17.987499999999997, 27.78, 65.60499999999999, 34.3425, 6.305000000000001, 3.58, 0.9775, 1.205, 1.0425, 0.225, 0.13, 2.7275, 6.0075, 10.9175, 4.9325, 3.2675, 3.5599999999999996, 0.82, 8.5525, 3.755, 1.485, 0.84, 2.7924999999999995, 1.3225, 4.4624999999999995, 3.46, 0.9249999999999999, 0.1225, 0.1825, 0.205, 8.36, 0.18500000000000003, 0.2925, 0.24750000000000003, 0.2175, 6.2975, 1.2774999999999999, 0.8025, 0.9325, 0.9424999999999999, 1.19, 1.7599999999999998, 2.79, 1.96, 0.5125000000000001, 0.25, 0.8775, 0.09749999999999999, 0.4325, 0.03, 0.32749999999999996, 9.035, 4.2125, 1.42, 2.575, 1.1575, 0.6025, 1.53, 7.0425, 0.74, 11.2275, 1.0625, 5.852500000000001, 4.4399999999999995, 3.9625000000000004, 3.9225000000000003, 0.2525, 0.7175, 0.35, 0.1, 4.6175, 0.01, 4.2375, 0.515, 0.19, 0.01, 45.26, 9.64, 2.3499999999999996, 2.6550000000000002, 1.96, 0.595, 2.625, 2.7825, 4.0600000000000005, 0.0, 1.26]"
2015-07-01_2015-09-30,"[1.0, 3902.75, 89.14999999999999, 75.2225, 11.819999999999999, 74.9575, 18.1175, 28.5575, 64.335, 33.1275, 6.095000000000001, 3.465, 0.7175, 1.2875, 0.95, 0.2675, 0.2425, 2.6275, 5.8025, 11.052499999999998, 4.3149999999999995, 3.17, 3.18, 0.8674999999999999, 8.2075, 3.5875000000000004, 1.2550000000000001, 0.6399999999999999, 2.7675, 1.2925, 4.4375, 3.5475, 0.845, 0.0975, 0.1825, 0.1675, 8.205, 0.07, 0.34500000000000003, 0.14250000000000002, 0.23750000000000002, 6.82, 1.285, 0.8624999999999999, 1.0925, 1.0425, 1.5325, 1.8024999999999998, 2.8475, 2.1449999999999996, 0.345, 0.315, 0.7525, 0.3225, 0.2525, 0.0, 0.2025, 9.305, 4.4525, 1.5425, 2.5475000000000003, 1.3324999999999998, 0.45249999999999996, 1.355, 6.71, 0.7725000000000001, 11.212500000000002, 1.2525, 6.1075, 4.13, 3.6925, 4.0025, 0.275, 0.7925, 0.1975, 0.0725, 4.795, 0.04, 4.4875, 0.3975, 0.1075, 0.0, 46.620000000000005, 10.18, 2.5300000000000002, 2.6325000000000003, 1.7625, 0.5800000000000001, 2.7724999999999995, 3.7424999999999997, 4.0875, 0.0, 1.24]"
2015-10-01_2015-12-31,"[1.0, 3883.25, 87.27499999999999, 76.09750000000001, 13.4025, 77.925, 18.45, 26.36, 64.515, 33.3625, 6.612499999999999, 3.855, 1.005, 1.3425, 1.0325, 0.2975, 0.1775, 2.7600000000000002, 5.7299999999999995, 11.3, 4.345, 2.6, 3.1975000000000002, 0.815, 8.2275, 3.52, 1.5275, 0.7575, 3.085, 1.195, 5.244999999999999, 4.157500000000001, 1.04, 0.2225, 0.30000000000000004, 0.20249999999999999, 8.4475, 0.125, 0.26, 0.1875, 0.265, 6.425, 1.43, 0.9650000000000001, 0.8300000000000001, 1.0574999999999999, 1.1025, 1.805, 2.635, 1.8525, 0.545, 0.1325, 0.8099999999999999, 0.2075, 0.41250000000000003, 0.0225, 0.20999999999999996, 9.615, 4.2625, 1.5025, 2.9850000000000003, 1.2675, 0.48, 1.2750000000000001, 6.7125, 1.1, 10.73, 1.35, 5.755, 3.8599999999999994, 3.3425000000000002, 4.425000000000001, 0.15749999999999997, 0.3375, 0.3525, 0.16999999999999998, 4.6525, 0.052500000000000005, 4.36, 0.355, 0.165, 0.0225, 45.487500000000004, 10.2725, 2.15, 2.255, 2.0925000000000002, 0.6849999999999999, 2.5125, 4.04, 3.265, 0.0225, 0.9025000000000001]"
2016-01-01_2016-03-31,"[1.0, 3720.25, 88.0075, 69.8675, 11.544999999999998, 60.905, 18.185000000000002, 26.5175, 62.21, 32.35, 5.8025, 3.4425, 1.0775, 1.1550000000000002, 0.8325, 0.1475, 0.23500000000000001, 2.3575, 5.592499999999999, 10.565000000000001, 4.5625, 2.8575, 3.2375, 1.085, 8.1975, 3.9350000000000005, 1.595, 0.6124999999999999, 3.1875, 1.145, 5.0175, 3.4325, 1.5550000000000002, 0.155, 0.3875, 0.32, 7.4275, 0.07250000000000001, 0.2175, 0.175, 0.13, 6.885, 1.3275000000000001, 1.135, 1.105, 0.915, 1.3275, 1.9174999999999998, 2.6575, 1.9124999999999999, 0.3675, 0.3075, 0.5075, 0.15250000000000002, 0.255, 0.034999999999999996, 0.0925, 9.85, 3.8125, 1.4175, 3.62, 1.3724999999999998, 0.6699999999999999, 1.3575, 6.5424999999999995, 0.87, 10.3125, 0.9574999999999999, 5.552499999999999, 3.8324999999999996, 3.3675, 3.4325, 0.2575, 0.43, 0.255, 0.1525, 4.5375, 0.0325, 4.25, 0.255, 0.125, 0.01, 46.147499999999994, 10.3125, 2.3875, 2.275, 2.0575, 0.5175000000000001, 2.2375000000000003, 4.512499999999999, 3.4950000000000006, 0.0625, 0.6875000000000001]"
2016-04-01_2016-06-30,"[1.0, 3008.75, 89.67500000000001, 74.36, 8.879999999999999, 65.26, 16.895, 26.965, 63.620000000000005, 32.2775, 5.6899999999999995, 3.3674999999999997, 0.99, 0.9924999999999999, 0.9975, 0.25, 0.1325, 2.32, 5.9575, 10.35, 4.5875, 2.7225, 3.4524999999999997, 0.8825000000000001, 8.004999999999999, 3.6274999999999995, 1.5274999999999999, 0.5925, 3.7725, 1.2025000000000001, 5.3374999999999995, 3.755, 1.5025, 0.23750000000000002, 0.28500000000000003, 0.27, 8.155, 0.065, 0.4375, 0.2075, 0.30499999999999994, 6.49, 1.38, 1.0074999999999998, 0.8625, 0.86, 1.2975, 1.6075000000000002, 2.7075, 1.95, 0.3725, 0.37000000000000005, 0.5975, 0.1875, 0.33499999999999996, 0.027500000000000004, 0.115, 10.795, 4.545, 1.5174999999999998, 3.6224999999999996, 1.3399999999999999, 0.7875000000000001, 1.545, 6.532500000000001, 0.8125, 9.61, 0.9500000000000002, 5.4375, 3.4349999999999996, 3.0425, 4.0775, 0.2125, 0.78, 0.25, 0.1925, 5.5225, 0.025, 5.125, 0.32500000000000007, 0.09999999999999999, 0.042499999999999996, 47.2525, 11.66, 2.5100000000000002, 1.9049999999999998, 2.13, 0.535, 2.35, 4.93, 3.9325, 0.0825, 0.6725]"
2016-07-01_2016-09-30,"[1.0, 3912.5, 80.18, 78.34, 8.5875, 58.587500000000006, 17.5675, 25.7125, 64.94250000000001, 33.6725, 6.715000000000001, 3.6824999999999997, 0.725, 1.3425, 1.2600000000000002, 0.13, 0.225, 3.0324999999999998, 5.18, 10.06, 5.025, 3.1125000000000003, 3.6525, 1.3175, 8.7625, 3.575, 1.245, 1.0025000000000002, 2.7125000000000004, 1.2675, 5.762500000000001, 3.73, 1.9249999999999998, 0.2575, 0.36750000000000005, 0.43249999999999994, 9.3475, 0.13, 0.4475, 0.1875, 0.2625, 6.9575, 1.3575, 1.0675, 1.065, 1.1775, 1.37, 1.9675, 2.7974999999999994, 2.12, 0.31999999999999995, 0.305, 0.6825000000000001, 0.155, 0.355, 0.0225, 0.16249999999999998, 10.995000000000001, 4.995, 1.4, 3.535, 1.31, 0.6975, 1.5299999999999998, 7.1225000000000005, 0.875, 9.469999999999999, 0.9450000000000001, 4.994999999999999, 3.6375, 2.9975, 4.262499999999999, 0.265, 0.745, 0.36000000000000004, 0.2525, 5.4975, 0.0225, 5.3575, 0.13, 0.07250000000000001, 0.0, 45.4475, 11.23, 1.995, 2.1875, 1.6025, 0.945, 2.9725, 4.515000000000001, 3.1325, 0.05, 0.8025]"
2016-10-01_2016-12-31,"[1.0, 3234.25, 88.21, 72.3, 12.4375, 80.91, 17.93, 26.877499999999998, 66.8625, 32.48, 6.6625, 4.425000000000001, 1.685, 0.9575, 0.9175000000000001, 0.685, 0.18250000000000002, 2.235, 6.097499999999999, 10.1225, 4.24, 2.29, 3.4274999999999998, 0.7550000000000001, 7.99, 4.1625, 1.21, 0.7600000000000001, 3.5775, 1.375, 5.4624999999999995, 4.2925, 1.1275, 0.19, 0.2475, 0.3075, 8.69, 0.15500000000000003, 0.32999999999999996, 0.20500000000000002, 0.6575000000000001, 6.590000000000001, 1.0975, 1.4024999999999999, 1.0450000000000002, 0.625, 1.205, 1.94, 3.0775, 2.335, 0.47250000000000003, 0.215, 0.7825, 0.175, 0.4525, 0.0475, 0.1375, 10.755, 4.525, 1.6975, 3.3325, 1.5725, 0.6875, 1.1600000000000001, 7.3375, 0.7350000000000001, 10.2875, 0.835, 5.625, 3.9475000000000002, 3.625, 4.775, 0.1725, 0.88, 0.385, 0.060000000000000005, 6.2225, 0.02, 5.672499999999999, 0.7275, 0.17, 0.005, 44.0325, 11.485, 2.7975, 1.315, 1.8125, 0.4225, 2.4225, 3.53, 3.6899999999999995, 0.0, 0.3925]"
2017-01-01_2017-03-31,"[1.0, 5896.25, 87.59, 76.475, 12.994999999999997, 70.3125, 18.59, 26.090000000000003, 64.915, 33.065, 6.312499999999999, 3.5774999999999997, 0.8724999999999999, 1.165, 0.9199999999999999, 0.3625, 0.2525, 2.7375000000000003, 5.657500000000001, 10.61, 4.6425, 2.9875, 3.2375, 0.9775, 8.17, 3.5575, 1.3675, 0.8524999999999999, 3.4625, 1.2525000000000002, 4.9725, 3.6825, 1.2274999999999998, 0.16749999999999998, 0.325, 0.24000000000000002, 8.942499999999999, 0.11249999999999999, 0.25, 0.1975, 0.4149999999999999, 6.445, 1.175, 0.9324999999999999, 0.8975, 0.9149999999999999, 1.4175, 1.8299999999999998, 3.1725, 2.4825, 0.3875, 0.255, 0.7025, 0.18499999999999997, 0.365, 0.015, 0.1425, 10.9825, 4.9925, 1.4849999999999999, 3.4924999999999997, 1.375, 0.6475, 1.5025, 6.9, 0.9650000000000001, 10.6375, 0.9424999999999999, 5.8175, 4.0575, 3.5725000000000002, 4.255, 0.275, 0.96, 0.23750000000000002, 0.11, 6.260000000000001, 0.0075, 5.9625, 0.35250000000000004, 0.15000000000000002, 0.0075, 46.785, 11.425, 2.51, 2.0175, 2.16, 0.5650000000000001, 2.7474999999999996, 4.182499999999999, 3.4824999999999995, 0.04, 0.945]"
2017-04-01_2017-06-30,"[1.0, 4965.75, 91.4225, 77.9675, 12.745, 79.17, 17.2675, 27.3425, 66.3575, 33.07, 5.965, 3.6525, 0.8474999999999999, 1.5125, 0.935, 0.1675, 0.19000000000000003, 2.31, 6.4375, 10.719999999999999, 4.612500000000001, 2.5324999999999998, 3.265, 0.6950000000000001, 8.2, 4.0775, 1.4925000000000002, 0.67, 3.4825, 1.2575, 5.3725000000000005, 4.2375, 1.1025, 0.2025, 0.37749999999999995, 0.14500000000000002, 8.274999999999999, 0.075, 0.32249999999999995, 0.1425, 0.20249999999999999, 5.765, 1.1975, 1.03, 0.8225, 0.7650000000000001, 1.235, 1.4200000000000002, 2.8675, 2.0975, 0.4925, 0.26, 0.6675, 0.165, 0.36750000000000005, 0.0175, 0.1325, 11.799999999999999, 4.995, 1.6824999999999999, 4.1825, 1.47, 0.6824999999999999, 1.27, 6.7725, 1.13, 11.0675, 1.1925, 6.1525, 3.8449999999999998, 4.2875, 4.015000000000001, 0.2375, 0.9275, 0.36750000000000005, 0.16749999999999998, 5.345000000000001, 0.005, 5.0200000000000005, 0.1875, 0.16999999999999998, 0.0025, 42.8675, 10.4525, 2.285, 1.9324999999999997, 1.7349999999999999, 0.47, 2.9775, 3.5774999999999997, 3.5125, 0.015, 0.5275]"
2017-07-01_2017-09-30,"[1.0, 10695.5, 87.2375, 79.44999999999999, 9.075, 78.7425, 17.1825, 25.890000000000004, 66.305, 33.845, 7.3325, 4.3075, 1.11, 1.5150000000000001, 1.0825, 0.35000000000000003, 0.2575, 3.02, 5.484999999999999, 10.2275, 4.84, 3.205, 3.3625, 0.8049999999999999, 8.815000000000001, 3.375, 1.2875, 0.9299999999999999, 3.48, 1.2225000000000001, 5.4675, 4.362500000000001, 1.06, 0.1125, 0.2725, 0.20249999999999999, 9.174999999999999, 0.14500000000000002, 0.30500000000000005, 0.135, 0.3125, 6.959999999999999, 1.15, 1.1325, 1.0899999999999999, 1.055, 1.6125, 1.6075, 2.7325, 2.0975, 0.34750000000000003, 0.2675, 0.5925, 0.1175, 0.3025, 0.0175, 0.18249999999999997, 12.377500000000001, 5.512499999999999, 1.63, 4.24, 1.4300000000000002, 0.6599999999999999, 1.9425000000000001, 6.8975, 0.855, 10.1575, 1.1425, 5.835000000000001, 3.5649999999999995, 3.2199999999999998, 4.725, 0.44, 0.5925, 0.37499999999999994, 0.1675, 6.1975, 0.0125, 5.855, 0.1625, 0.1825, 0.01, 43.8975, 11.49, 2.405, 1.73, 2.1, 0.525, 2.1875, 2.8275, 3.325, 0.025, 0.505]"
2017-10-01_2017-12-31,"[1.0, 3711.25, 92.5775, 74.69749999999999, 13.1825, 85.35, 16.7625, 26.159999999999997, 67.545, 34.7775, 6.085, 3.6075, 0.9274999999999999, 1.1925, 1.1875, 0.19, 0.11, 2.48, 6.615, 11.3825, 4.6775, 3.0199999999999996, 3.3075, 0.7675, 8.510000000000002, 4.6175, 2.17, 0.565, 3.3150000000000004, 1.4100000000000001, 6.4799999999999995, 5.28, 1.085, 0.05500000000000001, 0.22749999999999998, 0.14250000000000002, 7.985000000000001, 0.055, 0.5549999999999999, 0.0975, 0.155, 7.3075, 1.58, 1.05, 0.8175, 1.165, 1.5399999999999998, 1.9674999999999998, 2.1774999999999998, 1.4, 0.515, 0.22250000000000003, 0.51, 0.1025, 0.2375, 0.06, 0.16999999999999998, 11.125, 4.7625, 1.35, 3.8174999999999994, 1.7125, 0.525, 1.4525, 6.869999999999999, 1.025, 10.545, 1.3575000000000002, 5.745, 3.805, 3.2199999999999998, 3.91, 0.1625, 0.49999999999999994, 0.39999999999999997, 0.1225, 5.335, 0.0, 5.047499999999999, 0.18, 0.16, 0.0, 43.145, 9.575, 2.875, 2.1725, 1.3875, 0.5924999999999999, 2.8449999999999998, 3.0075000000000003, 3.4050000000000002, 0.235, 0.7250000000000001]"
2018-01-01_2018-03-31,"[1.0, 5703.25, 89.025, 79.6275, 10.14, 84.63499999999999, 16.59, 24.74, 71.0025, 36.2775, 7.265000000000001, 4.61, 1.3675, 1.4849999999999999, 1.3575000000000002, 0.19749999999999998, 0.20500000000000002, 2.6525, 6.937500000000001, 10.6475, 4.7975, 3.4475, 3.5, 0.9949999999999999, 9.1125, 3.8775000000000004, 1.5299999999999998, 0.79, 3.2425, 1.905, 6.1775, 5.244999999999999, 0.845, 0.1075, 0.2575, 0.09, 9.702499999999999, 0.1, 0.455, 0.34249999999999997, 0.1925, 7.2975, 1.275, 1.1549999999999998, 1.065, 1.1724999999999999, 1.6875, 1.7675, 2.2024999999999997, 1.6075, 0.3225, 0.26, 0.625, 0.105, 0.385, 0.015, 0.1275, 12.510000000000002, 5.6325, 1.8824999999999998, 3.9000000000000004, 1.8125, 0.47, 1.4325, 7.4350000000000005, 0.94, 10.127500000000001, 1.2550000000000001, 5.125, 4.2, 4.015, 3.9524999999999997, 0.195, 0.8600000000000001, 0.6425000000000001, 0.1225, 5.680000000000001, 0.0025, 5.3475, 0.6725, 0.1525, 0.0, 42.459999999999994, 10.2725, 2.6125, 1.38, 1.92, 0.32, 3.235, 2.525, 3.56, 0.07999999999999999, 0.5750000000000001]"
2018-04-01_2018-06-30,"[1.0, 8020.0, 89.2825, 77.93, 12.200000000000001, 82.05, 16.0775, 24.25, 70.045, 37.349999999999994, 7.5575, 4.4075, 1.25, 1.6275, 0.935, 0.24749999999999997, 0.34500000000000003, 3.1525, 6.9525, 11.46, 5.065, 3.2325, 3.8925, 0.9075000000000001, 8.665, 3.9224999999999994, 1.7924999999999998, 0.7324999999999999, 3.3225, 1.2925, 5.3149999999999995, 4.34, 0.94, 0.125, 0.29000000000000004, 0.14, 9.1375, 0.26999999999999996, 0.3625, 0.29999999999999993, 0.30750000000000005, 6.94, 1.1675000000000002, 1.1425, 1.1075, 1.1875, 1.56, 1.78, 2.15, 1.4675, 0.36, 0.255, 0.855, 0.185, 0.39749999999999996, 0.0225, 0.275, 11.872499999999999, 5.0825, 1.7049999999999998, 3.9850000000000003, 1.5125, 0.6725, 1.5000000000000002, 7.289999999999999, 0.7875, 11.1425, 1.2774999999999999, 6.3075, 3.8275, 3.3825000000000003, 3.4799999999999995, 0.33249999999999996, 0.7875, 0.5825, 0.07500000000000001, 5.3375, 0.022500000000000003, 5.0, 0.9550000000000001, 0.075, 0.0075, 42.2325, 9.94, 2.7025, 1.4100000000000001, 1.6075, 0.455, 2.225, 3.2474999999999996, 3.6800000000000006, 0.0425, 0.325]"
2018-07-01_2018-09-30,"[1.0, 5809.0, 90.1125, 76.5175, 12.445, 81.3725, 16.86, 26.49, 70.42999999999999, 36.472500000000004, 6.845, 3.7824999999999998, 0.9825, 1.4124999999999999, 0.9125000000000001, 0.2425, 0.235, 3.0625, 6.975, 11.194999999999999, 5.1899999999999995, 3.0025, 3.8775, 0.7799999999999999, 9.025, 4.025, 1.615, 0.9625, 2.9875, 1.4525000000000001, 5.8225, 4.4625, 1.2825, 0.17500000000000002, 0.375, 0.2125, 8.485, 0.1275, 0.40249999999999997, 0.15250000000000002, 0.285, 7.2, 1.4975, 1.2650000000000001, 1.095, 0.9450000000000001, 1.5775, 1.7225, 2.2575000000000003, 1.5574999999999999, 0.36250000000000004, 0.265, 0.7424999999999999, 0.1375, 0.325, 0.0125, 0.23, 11.8825, 4.8825, 1.495, 4.0525, 1.525, 0.7675, 1.55, 7.297499999999999, 0.685, 11.1325, 1.2325, 6.2125, 4.1325, 3.7525, 2.9825, 0.185, 1.285, 0.3975, 0.08249999999999999, 4.327500000000001, 0.0025, 4.2225, 0.44, 0.0675, 0.0025, 40.480000000000004, 9.4625, 3.16, 1.5299999999999998, 1.6775, 0.42000000000000004, 2.2325, 2.5524999999999998, 3.6399999999999997, 0.024999999999999998, 0.40249999999999997]"
2018-10-01_2018-12-31,"[1.0, 9162.25, 88.52, 82.61749999999999, 14.945, 86.11250000000001, 16.592499999999998, 24.7325, 72.5075, 38.38, 7.9, 4.5675, 0.965, 2.0075, 1.1825, 0.19999999999999998, 0.215, 3.3325, 7.01, 11.405, 5.4875, 3.3225, 3.93, 0.845, 9.202499999999999, 3.64, 1.3475, 0.775, 3.2125, 1.5174999999999998, 5.734999999999999, 4.654999999999999, 0.99, 0.0625, 0.33249999999999996, 0.21250000000000002, 9.9475, 0.0975, 0.335, 0.145, 0.20249999999999999, 7.442499999999999, 1.42, 1.15, 1.21, 1.1150000000000002, 1.67, 1.875, 2.085, 1.4875, 0.3075, 0.18250000000000002, 0.6975, 0.1375, 0.3425, 0.0175, 0.2375, 12.4575, 5.9325, 1.5775000000000001, 4.09, 1.4075000000000002, 0.615, 1.485, 7.57, 1.0725, 11.5, 1.1125, 6.2975, 4.275, 3.605, 5.1850000000000005, 0.16999999999999998, 0.66, 0.305, 0.105, 5.0825, 0.0, 4.92, 0.4725, 0.0875, 0.0025, 39.57, 9.5475, 2.8875, 1.1700000000000002, 1.6324999999999998, 0.3425, 2.2975, 1.73, 3.3875, 0.0425, 0.285]"
2019-01-01_2019-03-31,"[1.0, 7423.25, 88.66999999999999, 72.465, 14.337499999999999, 75.76, 16.427500000000002, 26.0175, 70.96, 38.42, 7.249999999999999, 3.9374999999999996, 1.0825, 1.6775000000000002, 0.7525000000000001, 0.16749999999999998, 0.2575, 3.3150000000000004, 6.880000000000001, 11.59, 5.705000000000001, 3.4074999999999998, 4.3925, 1.06, 9.585, 4.03, 1.7924999999999998, 0.95, 3.2125, 1.4774999999999998, 4.9875, 3.8625000000000003, 1.0725, 0.1575, 0.24, 0.15749999999999997, 8.2225, 0.1375, 0.3275, 0.2125, 0.18, 8.2075, 1.5775000000000001, 1.3050000000000002, 1.3499999999999999, 1.2925, 1.305, 2.3600000000000003, 1.9124999999999999, 1.3075, 0.32, 0.2575, 0.8274999999999999, 0.175, 0.395, 0.0175, 0.26, 11.64, 4.8374999999999995, 1.6675000000000002, 3.9024999999999994, 1.3475000000000001, 0.7625, 1.4449999999999998, 7.685, 0.96, 10.792499999999999, 0.99, 6.3950000000000005, 3.535, 4.1925, 3.4925, 0.1875, 1.1275, 0.26999999999999996, 0.0775, 4.1475, 0.0025, 3.9849999999999994, 0.10250000000000001, 0.08999999999999998, 0.0025, 37.665, 9.8825, 2.7875, 1.2375000000000003, 1.5625, 0.3625, 1.3924999999999998, 2.765, 3.3425000000000002, 0.0375, 0.35]"
2019-04-01_2019-06-30,"[1.0, 11517.25, 90.185, 79.6575, 11.932500000000001, 75.4025, 16.1625, 27.2725, 70.83999999999999, 38.3525, 7.535, 4.49, 0.8475, 2.25, 0.895, 0.1975, 0.295, 3.05, 6.79, 12.315000000000001, 5.4775, 2.8825000000000003, 4.2375, 0.8075, 9.13, 3.9749999999999996, 1.755, 0.81, 2.475, 1.4775, 6.4475, 4.7275, 1.645, 0.3275, 0.47, 0.185, 9.004999999999999, 0.1125, 0.415, 0.16500000000000004, 0.185, 7.499999999999999, 1.2725, 1.58, 1.1749999999999998, 1.07, 1.4699999999999998, 1.8525, 1.925, 1.435, 0.16999999999999998, 0.2475, 0.74, 0.18000000000000002, 0.2725, 0.0575, 0.2425, 13.145, 5.8275, 1.7874999999999999, 3.9775, 1.5050000000000001, 1.175, 1.285, 7.3975, 0.825, 11.002499999999998, 1.3325, 6.165, 3.4924999999999997, 3.7675, 3.3724999999999996, 0.2625, 1.1625, 0.2, 0.115, 4.1175, 0.0175, 3.9299999999999997, 0.095, 0.0875, 0.0, 36.974999999999994, 9.745, 3.0850000000000004, 1.165, 1.2999999999999998, 0.3175, 1.6725, 2.0149999999999997, 3.5349999999999997, 0.042499999999999996, 0.32999999999999996]"
2019-07-01_2019-09-30,"[1.0, 9534.5, 90.1, 77.125, 12.697500000000002, 66.3725, 17.13, 26.902499999999996, 69.065, 37.825, 7.7875000000000005, 4.532500000000001, 1.05, 2.0225, 0.6375, 0.43750000000000006, 0.385, 3.2575, 6.797499999999999, 11.9475, 4.975, 2.88, 3.9000000000000004, 1.0325, 8.450000000000001, 3.5875, 1.405, 0.72, 3.16, 1.355, 4.9750000000000005, 3.5775, 1.345, 0.1275, 0.4875, 0.17250000000000001, 9.355, 0.1325, 0.48000000000000004, 0.19, 0.41500000000000004, 6.999999999999999, 1.2774999999999999, 1.2125, 1.0775, 0.7899999999999999, 1.4574999999999998, 1.9025, 1.8424999999999998, 1.2625, 0.31, 0.195, 0.4025, 0.09749999999999999, 0.195, 0.0075, 0.125, 12.504999999999999, 5.57, 1.585, 4.26, 1.205, 0.8575, 1.485, 6.8425, 0.8499999999999999, 11.254999999999999, 1.3, 6.46, 3.7350000000000003, 3.7900000000000005, 3.1875, 0.16749999999999998, 1.2, 0.2925, 0.1475, 4.235, 0.005, 4.1275, 0.08499999999999999, 0.0275, 0.0, 37.745000000000005, 9.99, 3.0574999999999997, 1.05, 1.5499999999999998, 0.2575, 1.325, 2.9124999999999996, 3.4275, 0.0225, 0.17500000000000002]"
2019-10-01_2019-12-31,"[1.0, 8553.75, 87.805, 81.46499999999999, 13.2925, 82.41, 16.735, 26.3775, 71.655, 38.315, 7.99, 4.7725, 0.8524999999999999, 2.2025, 1.1825, 0.1325, 0.4025, 3.22, 6.5825, 11.4025, 5.6525, 3.185, 4.0525, 0.895, 9.3375, 3.725, 1.505, 0.9500000000000001, 2.9525, 1.48, 6.06, 4.7225, 1.2825, 0.10750000000000001, 0.3675, 0.125, 9.412500000000001, 0.0925, 0.5075000000000001, 0.0775, 0.135, 7.725, 1.4900000000000002, 1.5975, 0.97, 0.865, 1.4974999999999998, 1.8824999999999998, 2.2525, 1.705, 0.24, 0.22999999999999998, 0.7075, 0.09999999999999999, 0.24, 0.06, 0.3175, 12.72, 5.8575, 1.6225, 4.025, 1.2875, 0.8175, 1.9425000000000001, 7.455000000000001, 0.9075, 10.7725, 1.1300000000000001, 6.2325, 3.6700000000000004, 4.095, 3.5500000000000003, 0.2875, 1.0125000000000002, 0.305, 0.0825, 4.385, 0.0125, 4.1575, 0.1475, 0.0825, 0.0, 37.8375, 10.102500000000001, 3.2824999999999998, 1.1724999999999999, 1.51, 0.22249999999999998, 1.49, 2.3925, 3.485, 0.025, 0.195]"
2009-04-01_2009-06-30,"[0.5, 1323.0, 48.525, 32.4175, 10.4025, 28.8625, 9.57, 12.485, 31.91, 15.355, 1.625, 1.085, 0.3175, 0.3475, 0.235, 0.07, 0.11499999999999999, 0.5325, 3.75, 6.0024999999999995, 1.8250000000000002, 1.0574999999999999, 1.2875, 0.355, 3.0975, 1.9674999999999998, 0.6725, 0.2375, 1.4325, 0.82, 1.68, 1.25, 0.40249999999999997, 0.052500000000000005, 0.0675, 0.0875, 2.755, 0.0075, 0.0925, 0.10250000000000001, 0.055, 2.3925, 0.57, 0.41500000000000004, 0.35000000000000003, 0.465, 0.2375, 0.7525000000000001, 1.2175, 0.7925, 0.265, 0.15, 0.5275, 0.0425, 0.1625, 0.0275, 0.31, 3.7925, 1.1425, 0.5800000000000001, 1.7375, 0.4575, 0.27999999999999997, 0.5925, 2.7875, 0.3575, 6.295, 0.4625, 3.4775, 2.3525, 2.995, 2.4425, 0.15, 0.6749999999999999, 0.13, 0.0125, 1.26, 0.0075, 1.17, 0.1175, 0.045, 0.0, 21.03, 4.3975, 1.425, 1.8099999999999998, 2.0175, 0.1175, 0.4325, 1.1875, 1.835, 0.0125, 0.0975]"
2009-07-01_2009-09-30,"[0.75, 2663.75, 71.8675, 50.14, 19.4225, 52.4075, 10.8825, 16.26, 51.69749999999999, 24.6175, 3.5149999999999997, 1.9675, 0.8125, 0.485, 0.3375, 0.2425, 0.0925, 1.5474999999999999, 5.0325, 9.195, 2.9, 2.1225, 2.0275, 0.5549999999999999, 5.572500000000001, 3.6075, 1.0625, 0.455, 1.925, 1.7774999999999999, 3.4525, 2.5749999999999997, 0.755, 0.11000000000000001, 0.2225, 0.1175, 4.705, 0.22499999999999998, 0.18, 0.22999999999999998, 0.26, 3.8925, 0.9175, 0.6, 0.5825, 0.69, 0.74, 0.8575000000000002, 2.05, 1.19, 0.47250000000000003, 0.36, 0.7749999999999999, 0.15250000000000002, 0.2975, 0.0125, 0.32, 6.1675, 1.7675, 1.175, 2.44, 1.1275000000000002, 0.38000000000000006, 1.0, 4.87, 0.7275, 10.3975, 0.995, 5.4399999999999995, 4.1049999999999995, 3.2175, 3.8625000000000003, 0.335, 0.7025, 0.19499999999999998, 0.025, 2.5475, 0.0175, 2.4475, 0.25, 0.037500000000000006, 0.0075, 30.3575, 7.3325000000000005, 2.08, 2.3725, 2.625, 0.25, 1.065, 1.455, 2.7224999999999997, 0.025, 0.21750000000000003]"
2009-10-01_2009-12-31,"[0.5, 1510.5, 48.5, 35.67, 6.785, 34.0375, 11.54, 11.6, 31.630000000000003, 14.510000000000002, 1.795, 1.04, 0.33749999999999997, 0.3975, 0.22250000000000003, 0.035, 0.0475, 0.755, 3.34, 5.63, 1.98, 1.0699999999999998, 0.8425, 0.21250000000000002, 3.3475, 1.4475, 0.4175, 0.21250000000000002, 1.105, 1.745, 1.7925, 1.4525000000000001, 0.3275, 0.0525, 0.05, 0.085, 3.1475, 0.0475, 0.0975, 0.0425, 0.0475, 2.16, 0.5425, 0.36, 0.3925, 0.25, 0.39749999999999996, 0.35750000000000004, 0.895, 0.435, 0.33, 0.10250000000000001, 0.34, 0.04, 0.135, 0.0, 0.16999999999999998, 3.4025, 1.1375, 0.5125, 1.2925, 0.3725, 0.38749999999999996, 0.61, 2.8125, 0.495, 6.005, 0.5325, 3.2925000000000004, 2.265, 2.715, 2.035, 0.135, 0.5675, 0.33, 0.03, 2.0675, 0.0, 2.015, 0.5575, 0.015, 0.0, 20.365000000000002, 3.9425, 0.9475, 2.3475, 1.915, 0.125, 0.415, 0.6625, 1.3975, 0.0, 0.17]"
2010-01-01_2010-03-31,"[0.5, 1531.25, 48.485, 34.6375, 4.9575, 34.917500000000004, 8.512500000000001, 11.5125, 30.63, 13.274999999999999, 1.77, 1.1975, 0.4375, 0.395, 0.2325, 0.1125, 0.015, 0.5725, 2.9375, 5.5225, 1.5699999999999998, 0.8374999999999999, 0.7424999999999999, 0.3325, 2.87, 1.8925, 0.5025, 0.15750000000000003, 1.135, 1.7374999999999998, 1.9425000000000001, 1.5375, 0.365, 0.055, 0.1075, 0.0375, 3.25, 0.0375, 0.0775, 0.0875, 0.12, 2.1175, 0.5025, 0.33999999999999997, 0.3125, 0.25, 0.365, 0.5675, 0.87, 0.5425, 0.20750000000000002, 0.065, 0.3625, 0.0375, 0.14250000000000002, 0.01, 0.2, 3.63, 1.2025000000000001, 0.6425000000000001, 1.2875, 0.5625, 0.35, 0.44499999999999995, 2.455, 0.265, 5.125, 0.4525, 3.23, 1.53, 2.5375, 2.2825, 0.1125, 0.7275, 0.265, 0.015, 2.0949999999999998, 0.005, 2.0475, 0.395, 0.04, 0.0, 22.3975, 4.5325, 0.845, 2.625, 2.1525, 0.15750000000000003, 0.5275000000000001, 0.7925, 1.2475, 0.0, 0.2275]"
2010-04-01_2010-06-30,"[0.75, 1502.75, 72.1925, 51.0125, 17.3775, 53.2925, 10.252500000000001, 17.88, 48.9375, 22.322499999999998, 2.7399999999999998, 1.83, 0.8, 0.64, 0.2825, 0.0575, 0.05, 0.9075000000000001, 4.585, 8.775, 2.7875, 1.7725, 2.1, 0.4575, 5.1125, 3.025, 0.825, 0.265, 1.965, 2.1825, 4.095, 2.995, 1.0474999999999999, 0.0475, 0.2425, 0.3275, 5.01, 0.1675, 0.175, 0.19999999999999998, 0.135, 3.7125000000000004, 0.6575, 0.5199999999999999, 0.815, 0.38, 0.7375, 1.04, 1.41, 0.8225, 0.2675, 0.3275, 0.5175, 0.2525, 0.215, 0.0, 0.09, 6.855, 2.525, 1.275, 2.255, 1.0725, 0.4575, 0.5824999999999999, 4.7025, 0.8575, 9.7425, 0.9000000000000001, 5.105, 3.91, 4.0525, 2.935, 0.17, 0.855, 0.645, 0.042499999999999996, 2.4575, 0.065, 2.2824999999999998, 0.3525, 0.030000000000000002, 0.0, 31.42, 8.7575, 1.5275, 3.0875000000000004, 2.8725, 0.47, 1.16, 1.2075, 2.1175, 0.0, 0.1775]"
2010-07-01_2010-09-30,"[0.75, 1571.0, 72.79750000000001, 52.222500000000004, 19.977500000000003, 50.535, 12.035, 17.43, 47.0625, 21.3925, 2.4675, 1.7200000000000002, 0.8075, 0.4475, 0.23249999999999998, 0.1525, 0.08, 0.7475, 4.4125, 8.879999999999999, 2.4275, 1.495, 1.92, 0.385, 4.495, 2.8625, 1.0074999999999998, 0.2725, 2.03, 2.1025, 3.4850000000000003, 2.6025, 0.8150000000000001, 0.075, 0.135, 0.27, 5.175, 0.2025, 0.195, 0.1975, 0.22500000000000003, 3.065, 0.725, 0.5825, 0.36250000000000004, 0.34500000000000003, 0.5875, 0.6924999999999999, 1.4000000000000001, 0.7525, 0.3775, 0.1975, 0.645, 0.16999999999999998, 0.3575, 0.0175, 0.13, 6.3675, 2.495, 1.195, 1.9324999999999999, 1.1849999999999998, 0.475, 0.795, 3.7925, 0.48, 9.85, 0.8375, 5.407500000000001, 3.66, 3.305, 2.355, 0.3625, 0.7975, 0.27749999999999997, 0.07, 2.9675000000000002, 0.0, 2.835, 0.35750000000000004, 0.035, 0.0, 30.835, 7.8675, 1.5574999999999999, 2.8175, 2.5875000000000004, 0.22499999999999998, 0.675, 1.265, 2.1475, 0.0, 0.335]"
2010-10-01_2010-12-31,"[0.75, 2429.75, 73.18, 53.295, 19.265, 59.6575, 15.1175, 17.4625, 49.2775, 22.5075, 2.54, 1.5774999999999997, 0.6225, 0.425, 0.2825, 0.1225, 0.1225, 0.96, 5.3950000000000005, 9.07, 2.19, 1.835, 1.8249999999999997, 0.3575, 4.7075000000000005, 2.7725, 0.7749999999999999, 0.3875, 1.6724999999999999, 1.85, 3.77, 3.0425, 0.5925, 0.055, 0.155, 0.1475, 5.2, 0.09999999999999999, 0.22, 0.125, 0.135, 3.1599999999999997, 0.6575000000000001, 0.5175, 0.44500000000000006, 0.4425, 0.7, 0.7125, 1.415, 0.7675000000000001, 0.45000000000000007, 0.22, 0.6475000000000001, 0.15750000000000003, 0.39, 0.0, 0.11750000000000001, 6.7325, 2.2975000000000003, 1.1875, 2.6275, 1.1300000000000001, 0.33999999999999997, 0.8625, 4.1049999999999995, 0.78, 9.8375, 0.9025000000000001, 5.295, 3.7925, 4.07, 3.38, 0.26749999999999996, 0.7525000000000001, 0.46249999999999997, 0.0175, 2.4924999999999997, 0.0225, 2.3825000000000003, 0.5349999999999999, 0.0625, 0.0, 27.3325, 6.4025, 1.2449999999999999, 2.7275, 2.3049999999999997, 0.4125, 0.9375, 1.085, 1.8199999999999998, 0.0, 0.2275]"
2011-01-01_2011-03-31,"[0.75, 3454.5, 72.98500000000001, 53.7275, 15.085, 52.87, 13.915, 16.634999999999998, 46.932500000000005, 21.6875, 2.6225000000000005, 1.53, 0.6, 0.44999999999999996, 0.3475, 0.0825, 0.055, 1.0924999999999998, 4.9624999999999995, 8.7625, 2.2424999999999997, 1.675, 1.7275, 0.32750000000000007, 4.2924999999999995, 2.92, 0.925, 0.34, 1.68, 1.985, 3.6825, 2.7775000000000003, 0.8625, 0.0825, 0.175, 0.2025, 5.1425, 0.135, 0.17, 0.3325, 0.11499999999999999, 3.1075, 0.69, 0.4, 0.47750000000000004, 0.5475000000000001, 0.6825, 0.705, 1.2374999999999998, 0.7449999999999999, 0.28250000000000003, 0.1925, 0.5375, 0.135, 0.25, 0.0175, 0.18, 5.8725000000000005, 1.625, 1.175, 2.4000000000000004, 1.145, 0.4325, 0.775, 3.9000000000000004, 0.6950000000000001, 9.355, 0.9175, 5.0475, 3.5825000000000005, 3.4525, 2.64, 0.2575, 0.54, 0.3075, 0.065, 2.9625, 0.01, 2.8125, 0.78, 0.09000000000000001, 0.0, 31.3675, 6.42, 1.27, 3.2775, 3.1849999999999996, 0.21000000000000002, 1.2825, 1.215, 1.8525, 0.0, 0.3075]"
2011-04-01_2011-06-30,"[0.75, 3543.25, 72.325, 54.72, 7.2175, 62.53, 18.46, 18.049999999999997, 48.2875, 21.0175, 2.8925, 1.715, 0.6799999999999999, 0.42500000000000004, 0.35750000000000004, 0.1975, 0.057499999999999996, 1.1775, 5.0475, 7.945, 2.3699999999999997, 1.3925, 1.5875000000000001, 0.3175, 4.7125, 2.8024999999999998, 0.7925, 0.3525, 1.52, 1.935, 3.9325, 3.205, 0.665, 0.1275, 0.14500000000000002, 0.1025, 5.4825, 0.1625, 0.19499999999999998, 0.14750000000000002, 0.21000000000000002, 3.0725, 0.7475, 0.585, 0.4925, 0.42500000000000004, 0.6050000000000001, 0.6025, 1.4349999999999998, 0.7250000000000001, 0.51, 0.14, 0.39499999999999996, 0.10999999999999999, 0.23, 0.0025, 0.0625, 5.805, 1.6875000000000002, 1.0075, 2.515, 0.97, 0.37, 0.825, 4.007499999999999, 0.525, 7.9125, 0.8400000000000001, 4.3549999999999995, 2.7975, 3.5025, 3.3150000000000004, 0.14750000000000002, 0.88, 0.345, 0.065, 4.23, 0.01, 4.07, 2.1975, 0.0775, 0.0025, 34.4425, 5.1025, 1.1700000000000002, 3.815, 2.5875000000000004, 0.28500000000000003, 1.6725, 1.4449999999999998, 1.8675, 0.0125, 0.30250000000000005]"
2009-01-01_2009-03-31,"[0.25, 282.25, 24.4625, 15.88, 1.0875, 10.8825, 6.72, 4.34, 14.0175, 6.555, 0.465, 0.2, 0.0225, 0.045, 0.0875, 0.045, 0.0, 0.265, 1.815, 2.59, 0.975, 0.5325, 0.355, 0.11, 1.55, 0.6875, 0.2875, 0.11, 1.285, 0.2875, 0.73, 0.4875, 0.2425, 0.0225, 0.1325, 0.045, 1.1075, 0.0225, 0.045, 0.0675, 0.0, 1.0625, 0.2875, 0.1775, 0.1775, 0.2, 0.11, 0.2225, 0.665, 0.31, 0.31, 0.045, 0.045, 0.0, 0.045, 0.0, 0.0, 1.595, 0.465, 0.3775, 0.5975, 0.2425, 0.155, 0.265, 1.13, 0.2875, 2.37, 0.1325, 1.2625, 0.9975, 0.9075, 1.6375, 0.155, 0.1775, 0.0225, 0.045, 0.8425, 0.0225, 0.82, 0.0, 0.0, 0.0, 11.935, 3.145, 0.3975, 1.2175, 1.395, 0.0675, 0.11, 0.465, 0.7975, 0.0, 0.0]"
