2014-01-01_2014-03-31,"[1.25, 10283.0, 111.045, 81.9125, 11.1525, 74.63000000000001, 18.625, 32.32, 71.39500000000001, 38.7975, 7.187499999999999, 4.0975, 1.225, 1.1225, 1.2099999999999997, 0.34750000000000003, 0.1975, 3.085, 6.4825, 12.015, 6.1225, 3.8225, 3.65, 1.4275, 10.982500000000002, 4.28, 1.615, 1.1400000000000001, 4.895, 1.4324999999999999, 5.5874999999999995, 4.04, 1.5075, 0.1625, 0.555, 0.225, 7.887499999999999, 0.1375, 0.215, 0.2275, 0.3575, 8.120000000000001, 1.6675, 1.0125, 1.355, 1.43, 1.2475, 2.4074999999999998, 2.87, 1.75, 0.8450000000000001, 0.195, 1.3800000000000001, 0.16499999999999998, 0.385, 0.525, 0.345, 8.3625, 3.1425, 1.465, 2.825, 1.1925000000000001, 0.685, 1.685, 8.9325, 1.1324999999999998, 12.5125, 1.1800000000000002, 6.555, 4.865, 3.3449999999999998, 1.8800000000000001, 0.245, 0.8275, 0.49250000000000005, 0.3325, 4.234999999999999, 0.052500000000000005, 3.825, 0.3175, 0.14500000000000002, 0.01, 66.6075, 13.1525, 3.045, 2.3775, 3.08, 1.5425, 2.1999999999999997, 6.180000000000001, 5.717499999999999, 0.20500000000000002, 1.01]"
2014-04-01_2014-06-30,"[1.25, 11734.5, 112.41, 82.60499999999999, 9.502499999999998, 70.51, 18.625, 33.9425, 69.6775, 36.4625, 6.895, 3.97, 1.325, 1.045, 0.9974999999999999, 0.3575, 0.245, 2.9200000000000004, 5.7275, 12.1725, 5.3375, 3.7075, 3.2424999999999997, 1.19, 10.052499999999998, 4.1875, 1.5525, 1.0325, 4.4425, 1.33, 5.257499999999999, 3.6324999999999994, 1.5975000000000001, 0.16500000000000004, 0.575, 0.25, 8.075, 0.13, 0.2225, 0.20500000000000002, 0.3775, 7.880000000000001, 1.6624999999999999, 1.0350000000000001, 1.3425, 1.3699999999999999, 1.0875, 2.2525, 3.3725, 2.375, 0.74, 0.18000000000000002, 1.2, 0.16999999999999998, 0.325, 0.36, 0.36500000000000005, 9.205, 3.6625, 1.4024999999999999, 3.2025, 1.24, 0.735, 1.255, 8.565, 0.9525, 11.875, 1.2000000000000002, 6.6525, 4.1725, 3.1925, 2.6425, 0.2725, 0.9175, 0.365, 0.41500000000000004, 5.342499999999999, 0.0425, 4.93, 0.4975, 0.14500000000000002, 0.02, 67.63, 13.98, 2.6875, 2.295, 3.1375, 1.5925, 2.835, 6.395, 4.7525, 0.155, 0.7375]"
2014-07-01_2014-09-30,"[1.25, 8908.25, 109.4925, 77.11749999999999, 13.6025, 51.1125, 17.875, 32.875, 70.565, 38.5025, 7.285, 4.0975, 1.5074999999999998, 0.8899999999999999, 1.055, 0.3775, 0.2675, 3.1825, 6.1775, 12.087500000000002, 6.23, 3.715, 3.4724999999999997, 1.4200000000000002, 10.775, 3.6925, 1.37, 1.2275, 3.9675, 1.185, 5.57, 3.2750000000000004, 2.255, 0.24500000000000002, 0.9400000000000001, 0.335, 7.6899999999999995, 0.15250000000000002, 0.23249999999999998, 0.1875, 0.4275, 9.0475, 1.7200000000000002, 1.1825, 1.6024999999999998, 1.4475, 1.3625, 2.9124999999999996, 2.8074999999999997, 1.8675, 0.6275000000000001, 0.23, 1.0075, 0.25, 0.2375, 0.2375, 0.28, 8.535, 3.1275000000000004, 1.4499999999999997, 3.1824999999999997, 1.015, 0.8500000000000001, 1.4999999999999998, 8.4025, 1.06, 12.7925, 1.4075, 7.2475000000000005, 4.2225, 2.985, 2.13, 0.44999999999999996, 0.7675, 0.7775, 0.47750000000000004, 4.75, 0.045, 4.3025, 0.33749999999999997, 0.19999999999999998, 0.0075, 68.1675, 14.559999999999999, 2.8425, 2.14, 2.6725, 1.76, 2.6125, 7.659999999999999, 5.38, 0.3575, 0.7424999999999999]"
2014-10-01_2014-12-31,"[1.25, 10915.75, 111.48249999999999, 80.7425, 10.575, 62.7525, 19.02, 32.809999999999995, 70.7725, 38.2675, 7.069999999999999, 4.237500000000001, 1.4, 1.17, 1.0175, 0.35, 0.295, 2.8375, 6.01, 12.399999999999999, 5.8975, 3.8525, 3.5175, 1.4275, 10.2125, 4.015, 1.6099999999999999, 1.1375, 4.585, 1.3025, 5.5075, 3.535, 1.92, 0.26, 0.6399999999999999, 0.3575, 8.1, 0.23, 0.25, 0.29000000000000004, 0.3275, 8.305, 1.5925, 1.22, 1.3399999999999999, 1.3550000000000002, 1.2500000000000002, 2.635, 2.6550000000000002, 1.6099999999999999, 0.8024999999999999, 0.18250000000000002, 1.3424999999999998, 0.29, 0.40249999999999997, 0.2725, 0.3775, 9.0175, 3.3925, 1.3425, 3.3, 1.1975, 0.9075, 1.6999999999999997, 8.337499999999999, 0.9724999999999999, 11.9325, 1.22, 6.57, 4.3225, 3.6225, 1.9775, 0.36500000000000005, 1.21, 0.71, 0.3725, 4.1875, 0.0325, 3.7475, 0.295, 0.2175, 0.0075, 68.415, 13.75, 2.6975, 2.1975000000000002, 3.4825, 1.57, 2.2800000000000002, 7.1375, 5.1175, 0.28, 0.7425]"
2015-01-01_2015-03-31,"[1.25, 13403.0, 110.7, 83.705, 12.157499999999999, 43.9925, 18.38, 33.887499999999996, 71.66749999999999, 37.425, 7.2075, 4.1000000000000005, 1.1925, 1.1425, 1.0775, 0.46499999999999997, 0.22, 3.1, 5.885000000000001, 11.745, 6.047499999999999, 3.7525, 3.0250000000000004, 1.6249999999999998, 10.66, 3.9325, 1.4875, 1.1050000000000002, 4.805, 1.4024999999999999, 5.875, 3.2225, 2.6199999999999997, 0.37, 1.0524999999999998, 0.38, 9.0775, 0.15250000000000002, 0.31000000000000005, 0.2675, 0.55, 8.3125, 1.7025, 1.07, 1.305, 1.35, 1.1575000000000002, 2.8125, 3.2800000000000002, 2.1774999999999998, 0.7675, 0.20249999999999999, 1.21, 0.23750000000000002, 0.37, 0.27249999999999996, 0.3525, 9.722499999999998, 4.07, 1.2925, 3.34, 1.155, 0.7725000000000001, 1.6524999999999999, 8.6325, 0.8475, 12.425, 1.4374999999999998, 6.7825, 4.3125, 3.2375, 2.3249999999999997, 0.3275, 0.77, 0.845, 0.545, 5.205, 0.07250000000000001, 4.755, 0.4025, 0.1675, 0.0125, 68.25, 14.5175, 2.69, 2.1825, 3.0374999999999996, 1.625, 2.2175000000000002, 6.8, 5.2475, 0.4025000000000001, 0.8049999999999999]"
2015-04-01_2015-06-30,"[1.25, 15376.5, 111.60000000000001, 85.59, 11.647499999999999, 60.58, 19.425, 33.71, 71.635, 37.192499999999995, 6.8999999999999995, 3.9375000000000004, 1.1524999999999999, 1.1574999999999998, 1.09, 0.3, 0.2425, 2.9625000000000004, 6.12, 11.7725, 5.95, 3.8774999999999995, 3.185, 1.2725, 10.67, 4.07, 1.4549999999999998, 1.0975, 4.3925, 1.3625, 5.402500000000001, 3.4475, 1.9249999999999998, 0.2725, 0.675, 0.2975, 8.67, 0.2375, 0.27, 0.205, 0.35750000000000004, 7.8875, 1.6575, 1.0625, 1.2525000000000002, 1.2675, 1.3000000000000003, 2.3, 3.215, 2.1875, 0.6950000000000001, 0.22749999999999998, 1.2925, 0.19, 0.3075, 0.41500000000000004, 0.42499999999999993, 9.942499999999999, 4.1075, 1.39, 3.5225, 1.2525, 0.7050000000000001, 1.6275, 8.682500000000001, 0.9200000000000002, 12.6375, 1.4674999999999998, 6.595000000000001, 4.762499999999999, 3.36, 2.705, 0.21250000000000002, 0.99, 0.5774999999999999, 0.5700000000000001, 5.595000000000001, 0.07, 5.1674999999999995, 0.44500000000000006, 0.1225, 0.0125, 67.9225, 14.5625, 2.395, 1.9674999999999998, 2.9675000000000002, 1.365, 2.42, 7.035, 4.852500000000001, 0.365, 0.8500000000000001]"
2015-07-01_2015-09-30,"[1.25, 13943.0, 109.29750000000001, 83.8725, 9.915, 50.8175, 18.455000000000002, 33.7725, 73.17750000000001, 38.615, 7.4775, 4.0874999999999995, 1.0825, 1.1949999999999998, 1.0474999999999999, 0.41, 0.345, 3.385, 5.8375, 11.8775, 6.3175, 3.97, 3.4275, 1.49, 11.4575, 3.8924999999999996, 1.43, 1.2175, 4.225, 1.4050000000000002, 5.935, 3.4649999999999994, 2.4475000000000002, 0.33, 0.8800000000000001, 0.3625, 8.8825, 0.155, 0.1825, 0.11250000000000002, 0.4675, 9.1075, 1.7575, 1.3824999999999998, 1.56, 1.305, 1.4074999999999998, 2.8600000000000003, 2.8674999999999997, 1.8125, 0.6900000000000001, 0.2625, 1.2974999999999999, 0.275, 0.40750000000000003, 0.30750000000000005, 0.32999999999999996, 10.477500000000001, 4.075, 1.3824999999999998, 3.885, 1.0925, 0.97, 1.7525, 9.4075, 1.1075, 11.897499999999999, 1.435, 6.265000000000001, 4.390000000000001, 3.3474999999999997, 2.6725, 0.2275, 0.845, 0.5025, 0.5025000000000001, 5.0225, 0.06, 4.62, 0.27249999999999996, 0.1475, 0.0175, 65.36500000000001, 14.472499999999998, 2.6725, 1.9324999999999999, 2.8225, 1.5999999999999999, 2.215, 6.5200000000000005, 4.8175, 0.22000000000000003, 0.645]"
2015-10-01_2015-12-31,"[1.25, 11213.5, 110.885, 85.52499999999999, 8.8125, 51.65, 19.1675, 32.81249999999999, 72.9275, 38.6725, 7.4725, 4.2675, 1.3225, 1.205, 0.9974999999999999, 0.47000000000000003, 0.27499999999999997, 3.2075, 6.244999999999999, 12.034999999999998, 5.835000000000001, 4.095, 3.455, 1.365, 10.780000000000001, 3.7, 1.37, 1.2625000000000002, 4.932500000000001, 1.2925, 5.784999999999999, 3.395, 2.345, 0.415, 0.785, 0.3725, 9.045, 0.1625, 0.23, 0.2575, 0.4475, 8.1475, 1.5174999999999998, 1.33, 1.4475, 1.385, 1.3525, 2.3049999999999997, 2.735, 1.6825, 0.7125, 0.2225, 0.995, 0.18250000000000002, 0.3275, 0.1875, 0.31, 11.2375, 4.245, 1.3925, 4.345, 1.165, 1.0725, 1.4675, 8.89, 0.9425000000000001, 11.8525, 1.3975000000000002, 6.4525, 4.117500000000001, 3.3375, 2.7725, 0.23, 0.585, 0.74, 0.485, 5.37, 0.042499999999999996, 4.9624999999999995, 0.315, 0.12, 0.030000000000000002, 65.3225, 14.4275, 2.59, 1.7375, 3.5425, 1.425, 2.1475, 5.71, 4.6975, 0.29500000000000004, 0.7075]"
2016-01-01_2016-03-31,"[1.25, 10351.25, 108.1, 88.655, 9.01, 42.0875, 17.605, 32.735, 73.21, 38.14, 7.635000000000001, 4.51, 1.0975000000000001, 1.2249999999999999, 1.39, 0.5075, 0.29750000000000004, 3.115, 5.86, 11.190000000000001, 6.4025, 4.1025, 3.2949999999999995, 1.4375000000000002, 11.3175, 3.675, 1.4975, 1.1675, 4.529999999999999, 1.2475, 5.965, 3.205, 2.6975, 0.37, 0.9524999999999999, 0.32499999999999996, 9.89, 0.2875, 0.2525, 0.39249999999999996, 0.5225, 8.95, 1.9000000000000001, 1.3775, 1.4974999999999998, 1.3625, 1.2750000000000001, 2.775, 2.98, 1.805, 0.5875, 0.3875, 1.3175, 0.2875, 0.365, 0.3225, 0.41, 11.4625, 4.5975, 1.1775, 4.345000000000001, 1.0975, 0.9725, 1.5375, 9.315, 0.8250000000000001, 11.305, 1.3250000000000002, 6.025, 4.055, 3.195, 3.0675, 0.2425, 0.69, 0.49, 0.5, 5.9775, 0.0325, 5.55, 0.2725, 0.17750000000000002, 0.0275, 67.1225, 15.79, 2.1625, 1.89, 2.7625, 1.37, 2.535, 7.255, 4.445, 0.34, 0.615]"
2016-04-01_2016-06-30,"[1.25, 10468.5, 108.6525, 86.3575, 9.785, 53.5075, 17.6375, 32.2725, 74.2175, 38.697500000000005, 7.9125000000000005, 4.37, 1.3125, 1.315, 1.09, 0.355, 0.295, 3.5425, 5.76, 11.834999999999999, 6.325, 3.915, 3.5375000000000005, 1.5274999999999999, 11.0225, 4.09, 1.7224999999999997, 1.2875, 4.875, 1.37, 5.910000000000001, 3.51, 2.3575, 0.3125, 0.6875, 0.35, 9.57, 0.21499999999999997, 0.29250000000000004, 0.21750000000000003, 0.455, 8.967500000000001, 1.79, 1.3050000000000002, 1.3800000000000001, 1.5575, 1.3849999999999998, 2.695, 2.87, 1.8775, 0.63, 0.29000000000000004, 1.3175000000000001, 0.23, 0.47, 0.27, 0.30500000000000005, 11.842500000000001, 4.9, 1.46, 4.415, 1.34, 0.8625, 1.4575, 9.08, 1.045, 11.41, 1.2574999999999998, 6.0825, 4.1975, 3.295, 3.2075000000000005, 0.32, 0.8825000000000001, 0.6325, 0.35750000000000004, 6.3775, 0.037500000000000006, 5.989999999999999, 0.32999999999999996, 0.1275, 0.0125, 67.3775, 15.907499999999999, 2.7, 1.7925, 3.1225, 1.3825, 2.2175000000000002, 5.5225, 5.345, 0.36500000000000005, 0.6599999999999999]"
2016-07-01_2016-09-30,"[1.25, 14067.75, 110.22749999999999, 85.17500000000001, 11.8, 54.19, 17.27, 32.405, 73.9525, 38.335, 7.3374999999999995, 4.1375, 1.285, 1.0075, 1.2200000000000002, 0.3525, 0.26499999999999996, 3.2, 5.897500000000001, 12.06, 6.092499999999999, 3.8175, 3.4650000000000007, 1.52, 11.0875, 4.0525, 1.54, 1.09, 4.815, 1.2475, 6.080000000000001, 3.6025000000000005, 2.4299999999999997, 0.31000000000000005, 0.9175, 0.3775, 9.305, 0.22, 0.2975, 0.27999999999999997, 0.325, 8.815, 1.8599999999999999, 1.4024999999999999, 1.41, 1.4175, 1.2525000000000002, 2.6775, 3.0400000000000005, 1.985, 0.6925, 0.21000000000000002, 1.1675, 0.29500000000000004, 0.44999999999999996, 0.1875, 0.22, 11.6875, 4.685, 1.3725, 4.615, 1.2025, 0.815, 1.595, 9.025, 1.0375, 12.24, 1.455, 6.592500000000001, 4.3375, 3.245, 3.0175, 0.2425, 0.8250000000000001, 0.5075, 0.45249999999999996, 6.0575, 0.052500000000000005, 5.6475, 0.24000000000000002, 0.16, 0.005, 67.3775, 15.697500000000002, 2.7224999999999997, 1.7874999999999999, 3.1175, 1.4224999999999999, 2.3975, 6.484999999999999, 5.3425, 0.39499999999999996, 0.6875]"
2016-10-01_2016-12-31,"[1.25, 10363.75, 109.455, 90.025, 10.599999999999998, 48.62, 19.1, 31.732499999999998, 75.845, 40.457499999999996, 8.542499999999999, 4.565, 1.32, 1.2974999999999999, 1.19, 0.36750000000000005, 0.39, 3.9800000000000004, 6.4125, 12.335, 6.3, 3.7749999999999995, 3.4675000000000002, 1.3525, 11.445, 4.0200000000000005, 1.56, 1.4675000000000002, 4.9325, 1.2425000000000002, 5.9025, 3.3600000000000003, 2.475, 0.375, 0.94, 0.33499999999999996, 10.24, 0.205, 0.2475, 0.3075, 0.45499999999999996, 8.89, 1.9324999999999999, 1.2825, 1.5099999999999998, 1.5374999999999999, 1.3225000000000002, 2.5349999999999997, 2.6625, 1.67, 0.655, 0.2425, 1.04, 0.205, 0.4425, 0.245, 0.19000000000000003, 11.697499999999998, 4.8025, 1.4075, 4.5525, 1.0775, 0.7775, 1.7075, 9.135, 1.08, 11.945, 1.3675000000000002, 6.63, 4.1775, 3.38, 2.96, 0.23, 0.7875000000000001, 0.6350000000000001, 0.5625, 5.74, 0.02, 5.4, 0.2675, 0.125, 0.0075, 64.345, 15.4975, 2.415, 1.5174999999999998, 3.5125, 1.4249999999999998, 1.62, 6.135, 4.215, 0.195, 0.665]"
2017-01-01_2017-03-31,"[1.25, 14607.25, 108.8475, 87.825, 10.525000000000002, 60.3525, 17.58, 31.415000000000003, 76.625, 40.597500000000004, 8.307500000000001, 4.55, 1.25, 1.2374999999999998, 1.2925, 0.49250000000000005, 0.2825, 3.7525000000000004, 6.435, 12.107500000000002, 6.48, 4.1274999999999995, 3.67, 1.44, 11.6325, 4.1899999999999995, 1.6099999999999999, 1.2325, 4.952499999999999, 1.2925, 5.852500000000001, 3.6425, 2.1525, 0.2575, 0.8075, 0.35, 9.7825, 0.1825, 0.2, 0.20000000000000004, 0.59, 9.327499999999999, 1.83, 1.4075, 1.62, 1.6575, 1.3875, 2.8175, 3.02, 1.9825, 0.6325000000000001, 0.26, 1.1675, 0.245, 0.3475, 0.225, 0.39, 11.84, 4.755, 1.4, 4.5675, 1.225, 0.805, 1.7925, 9.2575, 1.1225, 12.0275, 1.4575, 6.495, 4.1899999999999995, 3.305, 3.1975000000000007, 0.17750000000000002, 0.865, 0.5425000000000001, 0.36249999999999993, 6.217499999999999, 0.052500000000000005, 5.83, 0.26, 0.135, 0.015000000000000001, 63.605000000000004, 16.05, 2.7775000000000003, 1.6875000000000002, 2.8674999999999997, 1.41, 1.5550000000000002, 5.522499999999999, 5.0075, 0.33000000000000007, 0.4825]"
2017-04-01_2017-06-30,"[1.25, 14429.75, 108.91, 89.6175, 11.28, 63.855, 17.622500000000002, 30.4375, 76.4975, 41.0425, 8.6325, 4.8675, 1.28, 1.6099999999999999, 1.2850000000000001, 0.395, 0.2975, 3.7624999999999997, 6.494999999999999, 12.19, 6.29, 4.0725, 3.78, 1.5025, 11.317499999999999, 4.115, 1.6549999999999998, 1.2075, 5.345, 1.5025, 5.6075, 3.625, 1.94, 0.29500000000000004, 0.7124999999999999, 0.275, 9.95, 0.28500000000000003, 0.275, 0.22, 0.39499999999999996, 9.2425, 1.8624999999999998, 1.4449999999999998, 1.53, 1.4574999999999998, 1.4300000000000002, 2.6575, 2.8099999999999996, 1.81, 0.6975, 0.23, 1.02, 0.23500000000000004, 0.33499999999999996, 0.2075, 0.245, 11.9075, 5.1425, 1.3800000000000001, 4.1825, 1.2650000000000001, 0.84, 1.6175, 9.14, 1.12, 12.1625, 1.4, 6.6075, 4.2725, 3.4125, 3.0925000000000002, 0.265, 0.815, 0.475, 0.375, 5.6675, 0.055, 5.2749999999999995, 0.235, 0.1475, 0.0225, 64.275, 15.4025, 2.6075000000000004, 1.64, 3.38, 1.3049999999999997, 1.8924999999999998, 6.415, 4.882499999999999, 0.32, 0.575]"
2017-07-01_2017-09-30,"[1.25, 18240.75, 106.87750000000001, 85.7575, 11.879999999999999, 58.2775, 17.235, 31.3975, 78.21499999999999, 42.34250000000001, 8.455, 4.4675, 1.3175, 1.2174999999999998, 1.2075, 0.39999999999999997, 0.32249999999999995, 3.9775000000000005, 6.672499999999999, 12.215, 6.6850000000000005, 4.875, 3.9800000000000004, 1.5574999999999999, 11.6525, 4.3675, 1.6500000000000001, 1.5425, 4.82, 1.4425, 5.529999999999999, 3.4349999999999996, 2.04, 0.2975, 0.785, 0.32, 9.475, 0.165, 0.19999999999999998, 0.20249999999999999, 0.405, 9.9, 1.87, 1.79, 1.565, 1.6075000000000002, 1.5825, 2.8249999999999997, 3.43, 2.5075000000000003, 0.6024999999999999, 0.2775, 1.085, 0.24500000000000002, 0.395, 0.14250000000000002, 0.3125, 11.355, 4.6049999999999995, 1.4125, 4.3100000000000005, 1.1275, 0.8275, 1.7550000000000001, 9.412500000000001, 1.2175, 12.1875, 1.5325, 6.545000000000001, 4.285, 3.4349999999999996, 3.235, 0.31999999999999995, 1.0075, 0.47500000000000003, 0.3675, 5.654999999999999, 0.035, 5.2275, 0.2175, 0.165, 0.017499999999999998, 61.214999999999996, 15.337499999999999, 2.77, 1.5950000000000002, 3.56, 1.5025000000000002, 1.5575, 5.52, 4.6049999999999995, 0.18250000000000002, 0.3725]"
2017-10-01_2017-12-31,"[1.25, 14921.5, 107.16499999999999, 85.5675, 17.2175, 56.98, 19.305, 32.0475, 82.5, 46.08, 8.95, 4.52, 1.1700000000000002, 1.4175, 1.2174999999999998, 0.365, 0.355, 4.43, 7.585, 13.325, 7.465000000000001, 4.6375, 4.635, 1.605, 12.2725, 4.655, 1.83, 1.335, 4.2175, 1.4975, 5.88, 3.585, 2.2475, 0.32, 0.755, 0.3725, 9.375, 0.175, 0.195, 0.19250000000000003, 0.37, 10.77, 2.35, 1.5425, 1.8025, 1.71, 1.77, 3.12, 2.82, 1.72, 0.6975, 0.26, 1.02, 0.15750000000000003, 0.4475, 0.0975, 0.3275, 11.884999999999998, 4.515000000000001, 1.4725, 4.5875, 1.1475, 0.97, 2.0275, 9.8575, 1.16, 13.414999999999997, 1.6, 6.907500000000001, 4.9399999999999995, 3.5875, 2.7125000000000004, 0.36, 0.8050000000000002, 0.67, 0.27749999999999997, 4.56, 0.025, 4.237500000000001, 0.17250000000000001, 0.1525, 0.005, 55.614999999999995, 13.555000000000001, 3.075, 1.5450000000000002, 3.6724999999999994, 1.2225, 1.4750000000000003, 5.085000000000001, 4.3675, 0.0925, 0.455]"
2018-01-01_2018-03-31,"[1.25, 14840.25, 107.24249999999999, 86.5025, 14.079999999999998, 60.25999999999999, 18.8675, 31.3475, 82.46000000000001, 47.12, 9.4875, 4.922499999999999, 1.3775, 1.4024999999999999, 1.1775, 0.4525, 0.5075, 4.5625, 7.737500000000001, 13.75, 7.3774999999999995, 4.515, 4.7725, 1.6475, 12.42, 4.6525, 1.9525000000000001, 1.5425, 4.119999999999999, 1.4849999999999999, 6.040000000000001, 3.7424999999999997, 2.245, 0.2575, 0.93, 0.29500000000000004, 10.135, 0.2175, 0.25, 0.29250000000000004, 0.435, 10.075, 1.89, 1.3725, 1.7675, 1.6524999999999999, 1.6075, 3.2075, 2.73, 1.7675, 0.57, 0.3275, 1.01, 0.245, 0.38, 0.095, 0.29000000000000004, 11.71, 4.6075, 1.4925, 4.5025, 1.2550000000000001, 0.8875, 1.8025, 9.805, 1.145, 12.835, 1.4575, 7.18, 4.425, 3.7325, 2.485, 0.31, 0.9775, 0.7675000000000001, 0.34750000000000003, 4.2725, 0.042499999999999996, 3.8850000000000002, 0.19, 0.125, 0.022500000000000003, 54.4725, 12.635, 3.255, 1.4975, 3.3825000000000003, 1.1575, 1.59, 5.032500000000001, 4.8775, 0.18000000000000002, 0.7975000000000001]"
2018-04-01_2018-06-30,"[1.25, 16818.75, 109.785, 85.51750000000001, 16.0375, 58.347500000000004, 18.4525, 31.54, 82.64500000000001, 47.37, 8.927500000000002, 4.785, 1.3175, 1.435, 1.08, 0.47000000000000003, 0.48, 4.1425, 8.610000000000001, 14.100000000000001, 7.1425, 4.4275, 4.8175, 1.4575, 12.4825, 4.1850000000000005, 1.6325, 1.285, 3.9275, 1.41, 5.6049999999999995, 3.4724999999999997, 2.0774999999999997, 0.22499999999999998, 0.7825, 0.3, 9.57, 0.13, 0.24999999999999997, 0.2025, 0.52, 10.11, 1.9825, 1.62, 1.77, 1.77, 1.475, 3.1174999999999997, 2.8325000000000005, 1.8075, 0.6074999999999999, 0.28500000000000003, 1.2425000000000002, 0.3375, 0.4425, 0.0775, 0.40750000000000003, 10.9225, 4.3, 1.48, 4.0375, 1.2075, 0.9000000000000001, 1.805, 9.955, 1.17, 13.5125, 1.555, 7.4975, 4.6675, 3.84, 2.565, 0.23500000000000001, 0.79, 0.645, 0.26, 4.32, 0.0675, 3.9749999999999996, 0.1625, 0.16, 0.0125, 53.1325, 13.057500000000001, 3.1074999999999995, 1.4375, 2.895, 1.2475, 1.4999999999999998, 5.6575, 4.629999999999999, 0.2025, 0.5875]"
2018-07-01_2018-09-30,"[1.25, 15822.75, 108.25999999999999, 85.73250000000002, 14.377500000000001, 48.185, 18.975, 31.2425, 80.45750000000001, 46.3175, 9.329999999999998, 5.14, 1.385, 1.3775, 1.3599999999999999, 0.5974999999999999, 0.4175, 4.1875, 8.012500000000001, 13.327499999999999, 7.12, 4.4625, 4.477499999999999, 1.6175, 12.387500000000001, 3.7275, 1.4200000000000002, 1.3900000000000001, 4.23, 1.4275, 5.1925, 3.0149999999999997, 2.125, 0.24500000000000002, 0.8525, 0.2725, 9.3775, 0.15, 0.1825, 0.25, 0.56, 10.004999999999999, 2.1225, 1.46, 1.75, 1.61, 1.6724999999999999, 2.8925, 2.4, 1.5675, 0.48250000000000004, 0.24749999999999997, 0.98, 0.23750000000000002, 0.435, 0.09, 0.2625, 10.490000000000002, 4.02, 1.365, 3.89, 1.0250000000000001, 0.9425, 2.0325, 9.88, 1.015, 13.129999999999999, 1.5875, 7.0424999999999995, 4.6775, 3.3175, 2.38, 0.2925, 0.7699999999999999, 0.74, 0.32, 4.234999999999999, 0.04, 3.8800000000000003, 0.165, 0.15000000000000002, 0.015, 55.58749999999999, 13.007499999999999, 3.3800000000000003, 1.615, 2.7525000000000004, 1.1675, 1.5175, 6.965, 4.845, 0.125, 0.4775]"
2018-10-01_2018-12-31,"[1.25, 17460.75, 107.695, 86.625, 13.2825, 58.61749999999999, 17.37, 31.47, 82.91999999999999, 47.435, 9.1325, 4.704999999999999, 1.1675, 1.4775, 1.1325, 0.51, 0.4175, 4.4275, 8.2675, 13.419999999999998, 7.62, 4.5649999999999995, 4.925000000000001, 1.5699999999999998, 12.650000000000002, 4.3025, 1.79, 1.34, 4.3325, 1.625, 5.795, 3.58, 2.165, 0.3075, 0.795, 0.27249999999999996, 9.8025, 0.1175, 0.28250000000000003, 0.30500000000000005, 0.49500000000000005, 10.4725, 2.06, 1.6175000000000002, 1.6675, 1.6975, 1.7149999999999999, 3.1975, 2.6550000000000002, 1.7925, 0.6225, 0.165, 1.0025, 0.26, 0.36750000000000005, 0.0775, 0.33499999999999996, 11.565, 4.3725000000000005, 1.6225, 4.4125000000000005, 1.1375, 1.03, 1.8675, 10.155000000000001, 0.9924999999999999, 12.65, 1.46, 7.0, 4.3225, 3.8525, 2.34, 0.21000000000000002, 0.88, 0.7949999999999999, 0.36750000000000005, 4.04, 0.045, 3.6799999999999997, 0.215, 0.125, 0.015000000000000001, 52.769999999999996, 12.805, 3.4749999999999996, 1.3525, 2.5075, 1.155, 1.575, 5.6775, 4.847499999999999, 0.22, 0.5924999999999999]"
2019-01-01_2019-03-31,"[1.25, 15400.0, 108.29999999999998, 86.4075, 15.534999999999998, 59.97, 19.235, 31.16, 82.7325, 47.56999999999999, 9.365, 4.8225, 1.2475, 1.4325, 1.2249999999999999, 0.495, 0.42500000000000004, 4.5375, 8.15, 13.845, 7.5225, 4.4025, 4.8575, 1.545, 12.725, 4.6175, 1.88, 1.335, 3.8775000000000004, 1.435, 5.5575, 3.4849999999999994, 2.025, 0.29750000000000004, 0.7725000000000001, 0.29750000000000004, 9.6975, 0.105, 0.2625, 0.3225, 0.52, 10.34, 2.0725, 1.5050000000000001, 1.855, 1.675, 1.5425000000000002, 3.04, 2.3425000000000002, 1.4925, 0.5075000000000001, 0.22250000000000003, 0.9974999999999999, 0.24500000000000002, 0.395, 0.0625, 0.3425, 11.08, 4.375, 1.46, 3.9224999999999994, 1.22, 0.945, 1.875, 10.127500000000001, 1.3350000000000002, 13.5275, 1.5225000000000002, 7.36, 4.744999999999999, 3.54, 2.34, 0.24, 0.7875000000000001, 0.6025, 0.29500000000000004, 4.075, 0.030000000000000002, 3.7449999999999997, 0.17, 0.1225, 0.0075, 52.74, 12.065, 3.2875, 1.2675, 2.6225, 1.1975, 1.6800000000000002, 5.7675, 4.375, 0.2025, 0.5925]"
2019-04-01_2019-06-30,"[1.25, 18665.0, 109.5525, 87.2175, 15.52, 54.832499999999996, 18.3825, 32.915, 81.3075, 45.64, 8.895, 4.7975, 1.2825, 1.3825, 1.27, 0.4625, 0.405, 4.09, 8.004999999999999, 13.385, 6.905000000000001, 4.415, 4.7575, 1.455, 11.9575, 4.407500000000001, 1.7874999999999999, 1.3, 4.0325, 1.5925, 5.475, 3.3025, 2.0875, 0.27499999999999997, 0.78, 0.31, 9.64, 0.135, 0.23999999999999996, 0.2475, 0.49249999999999994, 10.004999999999999, 2.1425, 1.4675, 1.6224999999999998, 1.7425000000000002, 1.5599999999999998, 2.9, 2.7325, 1.875, 0.5375, 0.23, 1.045, 0.2525, 0.3825, 0.0825, 0.3475, 11.379999999999999, 4.6375, 1.4625, 3.805, 1.1075, 1.35, 1.865, 9.7025, 1.125, 13.295, 1.5325, 7.155, 4.71, 3.355, 2.7849999999999993, 0.25, 0.8325000000000001, 0.6975, 0.37, 4.43, 0.025, 4.085, 0.1675, 0.1325, 0.03, 53.915000000000006, 12.7975, 3.2299999999999995, 1.525, 2.8000000000000003, 1.09, 1.8325, 5.579999999999999, 4.4275, 0.1225, 0.6775000000000001]"
2019-07-01_2019-09-30,"[1.25, 20274.5, 109.17, 87.6625, 14.6725, 57.834999999999994, 19.6625, 31.3125, 82.635, 46.99, 9.512500000000001, 5.08, 1.3425, 1.3699999999999999, 1.3675, 0.6025, 0.4, 4.430000000000001, 8.309999999999999, 13.739999999999998, 7.137499999999999, 4.365, 4.6675, 1.3524999999999998, 12.072499999999998, 4.2700000000000005, 1.905, 1.3425, 4.375, 1.68, 5.675, 3.485, 2.1325, 0.305, 0.8574999999999999, 0.37, 9.68, 0.08249999999999999, 0.2625, 0.25, 0.53, 9.967499999999998, 1.9825, 1.5375, 1.5025, 1.8275, 1.5525, 2.9025, 2.7124999999999995, 1.625, 0.6825, 0.3325, 0.985, 0.2975, 0.3175, 0.06, 0.3275, 11.6275, 4.2375, 1.4825000000000002, 4.515000000000001, 1.315, 1.0925, 1.9674999999999998, 9.6975, 1.0975000000000001, 13.1625, 1.3724999999999998, 7.359999999999999, 4.6025, 3.7350000000000003, 2.5275, 0.25, 0.8300000000000001, 0.58, 0.3525, 4.515000000000001, 0.027499999999999997, 4.17, 0.145, 0.125, 0.0325, 53.167500000000004, 12.425, 3.295, 1.4575, 2.735, 1.1125, 1.725, 5.5325, 4.4825, 0.12, 0.5575]"
2019-10-01_2019-12-31,"[1.25, 15909.75, 109.89, 89.025, 14.8675, 54.17750000000001, 20.432499999999997, 31.3375, 83.275, 47.47, 9.5975, 5.1575, 1.29, 1.6625, 1.2775, 0.5325, 0.3925, 4.43, 8.07, 14.3125, 7.195, 4.315, 4.6175, 1.5575, 12.1325, 4.0725, 1.7999999999999998, 1.4275, 3.9099999999999997, 1.725, 5.795, 3.4375, 2.295, 0.42, 0.9700000000000001, 0.28500000000000003, 10.3625, 0.1475, 0.27749999999999997, 0.42500000000000004, 0.4975, 10.0725, 1.945, 1.5375, 1.69, 1.81, 1.6124999999999998, 3.0775, 2.6525000000000003, 1.6225, 0.7250000000000001, 0.2125, 1.01, 0.2725, 0.395, 0.0575, 0.3075, 12.3175, 4.8425, 1.57, 4.7725, 1.1575000000000002, 1.0075, 1.9774999999999998, 9.4125, 0.9849999999999999, 13.28, 1.36, 7.7075, 4.305, 3.825, 2.665, 0.2325, 0.6900000000000001, 0.6799999999999999, 0.37000000000000005, 4.485, 0.0225, 4.164999999999999, 0.1575, 0.12, 0.0075, 52.25000000000001, 12.065, 3.4799999999999995, 1.3325, 2.8375000000000004, 1.0225, 1.57, 5.4525, 4.8275, 0.225, 0.495]"
2009-01-01_2009-03-31,"[0.75, 4886.0, 67.11500000000001, 47.935, 9.5, 31.112500000000004, 8.895, 19.3175, 46.71000000000001, 25.552500000000002, 4.065, 2.3075, 0.7775, 0.495, 0.64, 0.2725, 0.13, 1.7575, 4.475, 7.869999999999999, 4.03, 2.875, 2.495, 0.8399999999999999, 6.875, 3.0025, 1.1575, 0.6075, 2.385, 0.9650000000000001, 3.23, 1.915, 1.2675, 0.1575, 0.375, 0.205, 4.835, 0.0575, 0.2425, 0.20500000000000002, 0.27249999999999996, 5.87, 1.35, 1.0499999999999998, 0.8225, 1.105, 0.7200000000000001, 1.6550000000000002, 1.6025, 0.9025, 0.435, 0.11249999999999999, 0.7224999999999999, 0.135, 0.25749999999999995, 0.19000000000000003, 0.2225, 5.8149999999999995, 1.85, 1.025, 2.26, 0.6625, 0.575, 1.1225, 5.6899999999999995, 0.6325000000000001, 7.7225, 0.7925, 4.34, 2.6125, 2.6425, 1.0175, 0.10250000000000001, 0.6525000000000001, 0.30250000000000005, 0.0875, 1.8975, 0.02, 1.71, 0.21750000000000003, 0.0625, 0.0, 28.839999999999996, 7.225, 2.2525, 1.9175, 1.64, 0.765, 0.765, 1.03, 2.775, 0.025, 0.8099999999999999]"
2009-04-01_2009-06-30,"[0.75, 8977.0, 65.7675, 51.772499999999994, 10.6625, 36.375, 10.11, 17.1875, 47.4075, 26.4075, 4.949999999999999, 2.89, 0.7875, 0.6425000000000001, 1.03, 0.24, 0.19749999999999998, 2.0575, 4.367500000000001, 7.8675, 4.0875, 2.8825000000000003, 2.4375, 0.925, 7.2575, 2.7625, 0.9575, 0.9299999999999999, 2.2125, 1.0525, 3.2375, 2.0650000000000004, 1.1475, 0.1225, 0.43000000000000005, 0.19, 5.76, 0.052500000000000005, 0.15, 0.1325, 0.24250000000000002, 6.085000000000001, 1.4874999999999998, 0.8975, 0.86, 1.2025000000000001, 0.77, 1.7875, 1.7074999999999998, 1.035, 0.48750000000000004, 0.13, 0.6174999999999999, 0.12, 0.20750000000000002, 0.15, 0.135, 5.5125, 2.025, 0.8900000000000001, 2.075, 0.7225, 0.4225, 1.195, 5.85, 0.6425000000000001, 7.9575, 0.8899999999999999, 4.3525, 2.8025, 2.1, 0.9750000000000001, 0.11000000000000001, 0.5249999999999999, 0.26249999999999996, 0.1125, 2.6325000000000003, 0.02, 2.3975, 0.4625, 0.0925, 0.01, 30.18, 6.6525, 1.6275, 1.48, 1.7, 0.98, 1.0425, 1.2875, 2.5675, 0.085, 0.6825]"
2009-07-01_2009-09-30,"[0.75, 6383.5, 66.2675, 53.02, 8.3675, 32.555, 10.5525, 17.1225, 48.1225, 25.8, 4.7475000000000005, 2.84, 0.6174999999999999, 0.6950000000000001, 1.0350000000000001, 0.2875, 0.20750000000000002, 1.9025000000000003, 4.3075, 7.74, 4.0075, 2.78, 2.3625, 0.9474999999999999, 6.95, 3.275, 1.0325, 0.89, 1.99, 1.0925, 3.2175, 1.955, 1.2325, 0.185, 0.39499999999999996, 0.2375, 5.9, 0.0625, 0.135, 0.14750000000000002, 0.2975, 6.1049999999999995, 1.42, 0.8750000000000001, 1.045, 1.19, 0.6525, 1.8575, 2.2075, 1.46, 0.525, 0.135, 0.595, 0.09, 0.2475, 0.0925, 0.155, 5.547499999999999, 2.0275, 0.8425, 2.1, 0.625, 0.5525, 1.1400000000000001, 5.89, 0.535, 7.699999999999999, 0.8825, 4.285, 2.6725, 2.245, 1.2175, 0.08, 0.7024999999999999, 0.16, 0.1525, 3.0, 0.005, 2.8175, 0.5875, 0.07750000000000001, 0.0075, 30.21, 6.3025, 1.8425000000000002, 1.5625, 1.8175, 0.9275, 1.13, 1.1225, 2.725, 0.0475, 0.7425]"
2009-10-01_2009-12-31,"[0.75, 3867.0, 69.7575, 50.349999999999994, 8.4675, 32.8125, 11.872499999999999, 19.1625, 46.815, 24.8075, 3.7449999999999997, 2.115, 0.595, 0.4325, 0.645, 0.3, 0.1475, 1.6275, 4.8, 8.3, 3.7025, 2.2875, 2.2, 0.8175, 6.6274999999999995, 2.8125, 0.9450000000000001, 0.7150000000000001, 1.8575, 1.0125, 3.3374999999999995, 2.0275, 1.2925, 0.185, 0.3425, 0.33999999999999997, 5.2925, 0.045000000000000005, 0.1375, 0.19, 0.23500000000000001, 5.4925, 1.3900000000000001, 0.7850000000000001, 0.9949999999999999, 0.8175, 0.6825, 1.5975, 1.8225, 1.075, 0.5625, 0.1625, 0.73, 0.17, 0.21000000000000002, 0.255, 0.1075, 5.845, 1.9700000000000002, 1.0125, 2.3925, 0.645, 0.6475, 1.23, 5.2625, 0.6074999999999999, 7.9375, 0.895, 4.555, 2.5949999999999998, 2.585, 0.9349999999999999, 0.125, 0.64, 0.3975, 0.1375, 3.0625, 0.0275, 2.91, 0.4075, 0.0725, 0.015, 27.442500000000003, 6.295, 1.53, 1.3675000000000002, 1.3525, 0.715, 0.9949999999999999, 1.0025, 2.395, 0.0725, 0.635]"
2010-01-01_2010-03-31,"[0.75, 4516.75, 70.2125, 49.307500000000005, 7.772500000000001, 29.362499999999997, 13.1775, 18.275, 46.6025, 23.7775, 3.11, 1.7599999999999998, 0.39, 0.5225, 0.4525, 0.27, 0.125, 1.3475000000000001, 4.6175, 8.47, 3.485, 2.12, 2.2350000000000003, 0.86, 6.0925, 2.8325, 0.9500000000000001, 0.63, 2.1525, 1.0999999999999999, 3.035, 1.77, 1.2225000000000001, 0.11000000000000001, 0.38249999999999995, 0.2575, 5.0625, 0.08499999999999999, 0.165, 0.1575, 0.24, 5.1925, 1.0525, 0.8674999999999999, 0.7875, 0.8125, 0.5924999999999999, 1.7149999999999999, 2.005, 1.06, 0.715, 0.1875, 0.635, 0.165, 0.1975, 0.1825, 0.1075, 6.275, 2.28, 0.8575, 2.36, 0.6124999999999999, 0.64, 1.0025, 4.7425, 0.7424999999999999, 7.890000000000001, 0.7550000000000001, 4.6425, 2.535, 2.6075, 0.9875, 0.1325, 1.0125, 0.275, 0.135, 3.285, 0.02, 3.115, 0.32, 0.030000000000000002, 0.02, 28.395, 6.4775, 1.26, 1.8275000000000001, 1.6075, 0.6875, 0.7525, 1.675, 2.4925, 0.1275, 0.6699999999999999]"
2010-04-01_2010-06-30,"[0.75, 5850.25, 69.2475, 52.785000000000004, 7.0425, 32.04, 12.0125, 17.39, 47.645, 25.425, 3.76, 2.0225, 0.5449999999999999, 0.51, 0.54, 0.28, 0.145, 1.7349999999999999, 5.025, 8.395, 3.72, 2.325, 2.435, 0.82, 6.7775, 2.9775, 0.9724999999999999, 0.7375, 2.19, 1.215, 3.2075, 1.94, 1.2449999999999999, 0.14, 0.45, 0.35250000000000004, 5.887499999999999, 0.0525, 0.14500000000000002, 0.22749999999999998, 0.3275, 5.3675, 1.1325, 0.8274999999999999, 0.9675, 1.0275, 0.6699999999999999, 1.5225, 2.2025, 1.4, 0.59, 0.1075, 0.5275, 0.115, 0.1375, 0.155, 0.14500000000000002, 5.86, 2.2, 1.01, 2.1849999999999996, 0.605, 0.5575, 1.2774999999999999, 5.4675, 0.6124999999999999, 7.7475, 0.8975, 4.415, 2.4675000000000002, 2.3875, 0.985, 0.09250000000000001, 0.655, 0.23, 0.095, 2.935, 0.0275, 2.765, 0.485, 0.060000000000000005, 0.01, 27.6725, 5.615, 1.665, 1.5274999999999999, 1.8000000000000003, 0.76, 0.85, 1.29, 3.0325, 0.155, 0.5775]"
2010-07-01_2010-09-30,"[0.75, 6045.0, 69.33, 47.980000000000004, 8.045, 35.42, 11.440000000000001, 18.425, 45.285000000000004, 23.549999999999997, 3.4725, 1.895, 0.615, 0.44999999999999996, 0.485, 0.25, 0.0925, 1.5775, 4.625, 8.045, 3.195, 2.1725, 2.24, 0.8175000000000001, 6.03, 3.0650000000000004, 0.895, 0.6425, 2.4274999999999998, 0.9525, 3.3775, 2.1075, 1.24, 0.225, 0.44, 0.1925, 4.89, 0.1275, 0.1125, 0.14500000000000002, 0.24000000000000002, 5.02, 1.075, 0.725, 0.7525, 0.7725000000000001, 0.58, 1.68, 1.8025000000000002, 1.08, 0.47250000000000003, 0.1675, 0.7450000000000001, 0.09, 0.35250000000000004, 0.125, 0.21000000000000002, 5.547499999999999, 1.92, 0.74, 2.12, 0.62, 0.5575, 0.9149999999999999, 5.0075, 0.6125, 7.717499999999999, 0.8425, 4.282500000000001, 2.6725, 2.1799999999999997, 0.7125, 0.11750000000000001, 0.5549999999999999, 0.195, 0.1, 3.025, 0.0225, 2.815, 0.44, 0.08, 0.0075, 29.75, 6.4425, 1.745, 1.35, 2.0825, 0.7625, 0.8300000000000001, 1.3050000000000002, 3.0349999999999997, 0.1375, 0.8200000000000001]"
2010-10-01_2010-12-31,"[0.75, 6090.5, 69.41, 51.379999999999995, 7.235, 32.385000000000005, 13.317499999999999, 17.9125, 46.63250000000001, 25.020000000000003, 3.8425, 2.3725, 0.71, 0.6525000000000001, 0.6125, 0.22000000000000003, 0.1775, 1.465, 4.84, 8.6325, 3.5250000000000004, 2.3525, 2.1025, 0.8225, 6.2575, 2.9050000000000002, 0.9049999999999999, 0.62, 2.4375, 0.9849999999999999, 3.2225, 1.955, 1.25, 0.17250000000000001, 0.4475, 0.265, 5.359999999999999, 0.08249999999999999, 0.17, 0.21000000000000002, 0.26, 4.7075, 1.0425, 0.6924999999999999, 0.78, 0.8300000000000001, 0.575, 1.4425000000000001, 1.7974999999999999, 1.1125, 0.515, 0.125, 0.6475, 0.1025, 0.3275, 0.135, 0.14, 6.0875, 2.1675, 0.92, 2.4375, 0.6174999999999999, 0.5425, 1.1075000000000002, 4.96, 0.6275, 7.615, 0.73, 4.3149999999999995, 2.635, 2.66, 0.8200000000000001, 0.265, 0.48250000000000004, 0.41000000000000003, 0.11, 2.8125, 0.0125, 2.6275, 0.3225, 0.0575, 0.0125, 28.612499999999997, 6.175, 1.7249999999999999, 1.5125, 1.6175000000000002, 0.75, 0.7225, 1.3599999999999999, 3.0749999999999997, 0.11499999999999999, 0.72]"
2011-01-01_2011-03-31,"[0.75, 5801.0, 69.02499999999999, 49.567499999999995, 10.682500000000001, 24.7575, 11.4975, 17.4325, 46.615, 25.072499999999998, 3.855, 2.2175, 0.6100000000000001, 0.53, 0.71, 0.22000000000000003, 0.14, 1.6425, 4.880000000000001, 8.365, 3.635, 2.175, 2.33, 0.9525, 6.375, 3.0475, 0.8725, 0.6725, 2.89, 0.86, 2.9400000000000004, 1.605, 1.3075, 0.1825, 0.42250000000000004, 0.25, 5.265, 0.0325, 0.125, 0.20500000000000002, 0.29, 5.55, 1.31, 0.8049999999999999, 0.8175, 1.0275, 0.6050000000000001, 1.7925, 1.685, 1.0374999999999999, 0.43, 0.1275, 0.6275, 0.19, 0.23249999999999998, 0.09, 0.14750000000000002, 5.55, 1.79, 0.7325, 2.4625, 0.5175000000000001, 0.5825, 1.1349999999999998, 5.05, 0.635, 8.184999999999999, 0.7725000000000001, 4.6625, 2.79, 2.5225, 0.62, 0.07, 0.5075000000000001, 0.2525, 0.0675, 2.8425000000000002, 0.0275, 2.6375, 0.3775, 0.0875, 0.0075, 29.02, 6.305, 2.2424999999999997, 1.4425, 1.7199999999999998, 0.74, 0.7975, 1.05, 3.335, 0.12, 0.965]"
2011-04-01_2011-06-30,"[0.75, 5541.5, 67.7875, 51.9975, 8.39, 38.5775, 11.532499999999999, 17.7075, 47.45, 26.032500000000002, 4.2775, 2.5525, 0.6699999999999999, 0.63, 0.77, 0.29, 0.1925, 1.725, 4.8575, 8.565000000000001, 3.8874999999999997, 2.3475, 2.45, 0.8325, 6.555, 3.0725, 0.9675, 0.7375, 2.375, 1.0175, 3.0450000000000004, 2.0225, 0.9900000000000001, 0.16, 0.345, 0.1675, 5.5725, 0.04, 0.15, 0.2325, 0.24, 5.46, 1.2375, 0.7675000000000001, 0.8724999999999999, 1.0175, 0.6425000000000001, 1.6300000000000001, 1.6800000000000002, 1.145, 0.3525, 0.12, 0.5825, 0.10500000000000001, 0.1875, 0.18000000000000002, 0.1025, 5.67, 1.9525000000000001, 0.92, 2.19, 0.7175, 0.445, 1.0375, 5.1225000000000005, 0.7050000000000001, 7.852499999999999, 0.7775000000000001, 4.525, 2.665, 2.5875, 0.72, 0.0975, 0.5625, 0.27249999999999996, 0.1225, 2.735, 0.0275, 2.5324999999999998, 0.3275, 0.08000000000000002, 0.0025, 29.1175, 6.32, 1.83, 1.215, 1.8175, 0.8374999999999999, 0.9375, 1.2075, 3.2800000000000002, 0.1375, 0.7474999999999999]"
2011-07-01_2011-09-30,"[0.75, 4350.0, 67.5275, 50.6225, 8.14, 34.0775, 11.545, 16.9625, 46.9225, 25.787499999999998, 4.5625, 2.7425, 0.7675, 0.6125, 0.875, 0.3125, 0.1775, 1.8225, 4.9575, 8.075, 3.5075, 2.4525, 2.5675, 0.83, 6.55, 2.8049999999999997, 0.985, 0.7125, 2.76, 0.9375, 2.9125, 1.8399999999999999, 1.0425, 0.16249999999999998, 0.395, 0.2175, 5.4175, 0.0925, 0.14, 0.08750000000000001, 0.3725, 5.7475000000000005, 1.2875, 0.7325, 1.02, 1.045, 0.7025, 1.8675000000000002, 1.9024999999999999, 1.1600000000000001, 0.515, 0.1725, 0.6575, 0.145, 0.255, 0.16749999999999998, 0.13, 5.5125, 1.9674999999999998, 0.9125000000000001, 2.1325000000000003, 0.665, 0.525, 1.0025, 5.5375000000000005, 0.575, 7.574999999999999, 0.7725000000000001, 4.074999999999999, 2.7175000000000002, 2.2375, 0.755, 0.11499999999999999, 0.865, 0.435, 0.0775, 2.56, 0.025, 2.3325, 0.2725, 0.1025, 0.0125, 30.215, 6.265000000000001, 1.935, 1.3125, 2.475, 0.865, 0.8825000000000001, 1.27, 3.1175, 0.07, 0.8675]"
2011-10-01_2011-12-31,"[0.75, 7528.5, 67.175, 50.345, 10.762500000000001, 35.34, 11.77, 18.759999999999998, 47.48, 26.0775, 4.4375, 2.53, 0.7500000000000001, 0.6475, 0.8025, 0.1925, 0.135, 1.9100000000000001, 5.0024999999999995, 8.245, 3.6799999999999997, 2.62, 2.4825, 0.9024999999999999, 6.677499999999999, 2.8875, 0.905, 0.73, 2.3674999999999997, 1.0125, 3.14, 1.985, 1.12, 0.1675, 0.4575, 0.1625, 5.3575, 0.025, 0.165, 0.049999999999999996, 0.21000000000000002, 5.965, 1.58, 0.83, 0.9275, 1.17, 0.71, 1.74, 1.6025, 1.0075, 0.4125, 0.16, 0.565, 0.14500000000000002, 0.235, 0.06, 0.1325, 5.63, 1.955, 0.8525, 2.225, 0.5549999999999999, 0.5449999999999999, 1.115, 5.5825, 0.54, 7.970000000000001, 0.9075, 4.2775, 2.87, 2.7125, 0.7275, 0.125, 0.925, 0.1925, 0.115, 2.3024999999999998, 0.025, 2.0700000000000003, 0.2325, 0.07750000000000001, 0.005, 29.475, 6.18, 1.9675, 1.2525, 1.9675, 0.8875000000000001, 0.665, 1.335, 3.08, 0.0925, 0.74]"
2012-01-01_2012-03-31,"[0.75, 10494.75, 67.515, 48.9125, 7.375000000000001, 34.557500000000005, 11.362499999999999, 17.9975, 46.13, 25.46, 4.2925, 2.5525, 0.7124999999999999, 0.5725, 0.845, 0.29, 0.1325, 1.7399999999999998, 4.625, 8.3075, 3.78, 2.2475, 2.4175, 0.9475, 6.495, 2.9375, 1.0775000000000001, 0.6575, 2.7024999999999997, 0.9475, 3.3, 2.0375, 1.22, 0.1525, 0.3975, 0.2175, 5.055, 0.06, 0.1625, 0.135, 0.305, 5.8125, 1.165, 0.8125, 0.9925, 1.0925, 0.6625000000000001, 1.8425000000000002, 1.7875, 1.1825, 0.42250000000000004, 0.1325, 0.62, 0.135, 0.2475, 0.1225, 0.1225, 5.745, 1.9075, 0.9224999999999999, 2.3575, 0.665, 0.5225, 1.01, 5.1925, 0.6575000000000001, 7.449999999999999, 0.745, 4.275, 2.4124999999999996, 2.245, 0.7700000000000001, 0.0925, 0.625, 0.35, 0.0925, 2.52, 0.0325, 2.245, 0.27, 0.08499999999999999, 0.0075, 30.832499999999996, 6.6725, 1.85, 1.145, 1.95, 0.8175000000000001, 0.845, 1.6175000000000002, 3.275, 0.14250000000000002, 0.6175]"
2012-04-01_2012-06-30,"[0.75, 13408.25, 66.05000000000001, 49.08, 8.8625, 36.425, 11.84, 17.97, 46.332499999999996, 25.6725, 4.7575, 2.7525, 0.8975, 0.615, 0.8624999999999999, 0.20999999999999996, 0.165, 2.0025, 4.39, 8.04, 3.93, 2.4325, 2.285, 1.0174999999999998, 6.954999999999999, 2.6625, 0.9125, 0.7425, 2.5025, 0.9500000000000001, 3.2775, 2.085, 1.1675, 0.1325, 0.42750000000000005, 0.18500000000000003, 5.422499999999999, 0.075, 0.16, 0.11499999999999999, 0.225, 6.1899999999999995, 1.4300000000000002, 0.8625, 0.9349999999999999, 1.2175, 0.76, 1.9200000000000002, 1.7100000000000002, 1.045, 0.48500000000000004, 0.11750000000000001, 0.5375, 0.1325, 0.16749999999999998, 0.13499999999999998, 0.1125, 5.5825, 2.0225, 0.8875, 2.085, 0.6175, 0.49250000000000005, 1.0875, 5.41, 0.655, 7.262500000000001, 0.8425, 4.3225, 2.1675, 2.365, 0.9475, 0.1225, 0.7625, 0.315, 0.135, 2.38, 0.0425, 2.1125, 0.3025, 0.08750000000000001, 0.0125, 33.754999999999995, 6.735, 1.8975, 1.31, 2.3725, 0.8500000000000001, 0.8025, 2.225, 3.36, 0.14, 0.7725]"
2012-07-01_2012-09-30,"[0.75, 11698.75, 64.9775, 48.02, 8.07, 32.61, 11.41, 18.6975, 46.92, 26.0575, 4.8575, 2.63, 0.8075000000000001, 0.5874999999999999, 0.7975, 0.24000000000000002, 0.195, 2.23, 4.4875, 7.7225, 4.1675, 2.55, 2.565, 1.045, 7.170000000000001, 2.7800000000000002, 1.1700000000000002, 0.8175000000000001, 2.52, 0.905, 3.2600000000000002, 1.98, 1.255, 0.13, 0.47, 0.26749999999999996, 5.255000000000001, 0.13, 0.13, 0.16, 0.27499999999999997, 6.255, 1.4375, 0.9325000000000001, 1.0299999999999998, 1.0875, 0.7675000000000001, 1.96, 1.5525, 0.935, 0.43, 0.11750000000000001, 0.615, 0.185, 0.185, 0.19249999999999998, 0.12000000000000001, 5.6175, 1.9, 0.9524999999999999, 2.2350000000000003, 0.6100000000000001, 0.5025000000000001, 1.0025, 5.7975, 0.67, 7.215, 0.7775000000000001, 4.065, 2.4699999999999998, 2.45, 0.9675, 0.125, 0.7649999999999999, 0.515, 0.115, 2.3025, 0.0875, 1.9725000000000001, 0.28, 0.0825, 0.0075, 33.93, 6.640000000000001, 1.9349999999999998, 1.2925, 2.355, 0.9199999999999999, 0.785, 2.3, 3.3575, 0.1575, 0.6950000000000001]"
2012-10-01_2012-12-31,"[0.75, 11758.75, 66.4125, 50.870000000000005, 6.8374999999999995, 40.525, 11.754999999999999, 18.099999999999998, 46.1525, 25.78, 4.765, 2.835, 0.81, 0.8225, 0.7625, 0.2475, 0.195, 1.9325, 4.3425, 7.8875, 4.040000000000001, 2.595, 2.49, 0.96, 6.88, 2.7625, 1.1875, 0.675, 2.37, 0.975, 3.4524999999999997, 2.2775, 1.145, 0.14500000000000002, 0.36000000000000004, 0.255, 5.5625, 0.095, 0.2225, 0.1725, 0.2275, 5.5, 1.065, 0.8425, 0.9475, 0.9425, 0.7274999999999999, 1.7825000000000002, 1.7474999999999998, 0.985, 0.5525, 0.14500000000000002, 0.57, 0.1125, 0.15, 0.20500000000000002, 0.1225, 6.0275, 2.275, 1.1225, 2.27, 0.825, 0.4375, 1.165, 5.545, 0.6175, 7.2675, 0.76, 3.9075, 2.6325000000000003, 2.5025, 1.045, 0.135, 0.7075, 0.28500000000000003, 0.1225, 2.44, 0.034999999999999996, 2.1875, 0.21000000000000002, 0.09, 0.0025, 34.3125, 6.5024999999999995, 1.8325, 1.2999999999999998, 2.4275, 0.8174999999999999, 1.3675000000000002, 2.0225, 3.6250000000000004, 0.1825, 0.595]"
2013-01-01_2013-03-31,"[0.75, 10592.0, 66.61250000000001, 50.379999999999995, 6.95, 33.7975, 12.432500000000001, 18.9525, 44.03, 23.700000000000003, 4.4425, 2.6550000000000002, 0.76, 0.6325000000000001, 0.8674999999999999, 0.23750000000000002, 0.1575, 1.7874999999999999, 3.9174999999999995, 7.3774999999999995, 3.6775, 2.515, 2.2, 0.815, 6.484999999999999, 2.6750000000000003, 1.1, 0.5850000000000001, 2.435, 0.975, 2.97, 1.8625, 1.075, 0.1075, 0.31, 0.2025, 5.1899999999999995, 0.215, 0.17250000000000001, 0.12000000000000001, 0.2575, 5.5425, 1.2675, 0.7225, 0.9125, 1.1600000000000001, 0.7125, 1.6800000000000002, 1.73, 1.1724999999999999, 0.37, 0.12, 0.87, 0.1175, 0.1825, 0.32500000000000007, 0.26249999999999996, 5.475, 2.175, 0.77, 1.97, 0.6175, 0.4975, 1.0725, 5.3625, 0.595, 7.1675, 0.7025, 3.915, 2.5324999999999998, 2.3775, 0.95, 0.16, 0.5875, 0.315, 0.1175, 2.5625, 0.0425, 2.285, 0.19749999999999998, 0.07250000000000001, 0.01, 37.735, 7.9925, 1.6800000000000002, 1.5425, 1.935, 0.915, 0.9400000000000001, 3.2225, 3.2199999999999998, 0.17250000000000001, 0.5349999999999999]"
2013-04-01_2013-06-30,"[1.0, 11600.5, 88.435, 65.6125, 9.575000000000001, 45.315, 14.9, 26.105, 58.6425, 31.590000000000003, 5.635, 3.185, 0.9775, 0.9125, 0.8025, 0.3275, 0.165, 2.4475000000000002, 5.2075, 9.695, 5.03, 3.5025000000000004, 2.8449999999999998, 1.1175, 8.73, 3.2325, 1.2349999999999999, 0.7725, 3.81, 1.39, 3.9375, 2.4725, 1.42, 0.1775, 0.395, 0.305, 6.5625, 0.2275, 0.20750000000000002, 0.245, 0.32250000000000006, 6.7, 1.3525, 0.9400000000000001, 1.1175, 1.1550000000000002, 0.8925, 2.0324999999999998, 2.52, 1.4675, 0.7975, 0.155, 1.03, 0.17750000000000002, 0.22749999999999998, 0.29250000000000004, 0.34750000000000003, 7.2524999999999995, 2.8875, 1.0899999999999999, 2.52, 0.8125, 0.6725, 1.565, 7.227500000000001, 0.86, 10.115, 1.2125, 5.235, 3.8225000000000002, 3.3625, 1.46, 0.22000000000000003, 1.07, 0.245, 0.15000000000000002, 3.385, 0.045000000000000005, 3.0549999999999997, 0.2075, 0.11000000000000001, 0.015000000000000001, 50.56999999999999, 11.03, 2.1775, 1.9925000000000002, 2.3425000000000002, 1.155, 1.2625, 4.7, 3.7800000000000002, 0.2, 0.9075]"
2013-07-01_2013-09-30,"[1.0, 17379.5, 86.345, 66.13499999999999, 8.962499999999999, 52.3425, 15.065000000000001, 25.55, 58.48, 31.58, 6.2, 3.6500000000000004, 1.045, 1.0, 1.0575, 0.34500000000000003, 0.205, 2.545, 4.82, 9.305, 4.9825, 3.5825, 3.1025, 1.1725, 8.877500000000001, 3.8350000000000004, 1.515, 0.8899999999999999, 3.5324999999999998, 1.1875, 4.03, 2.6999999999999997, 1.28, 0.18, 0.44250000000000006, 0.24, 6.58, 0.14, 0.18, 0.2125, 0.335, 7.327500000000001, 1.5750000000000002, 1.085, 1.1325, 1.2650000000000001, 0.995, 2.1550000000000002, 2.675, 1.7575000000000003, 0.62, 0.2025, 1.1175000000000002, 0.1825, 0.30500000000000005, 0.2275, 0.43499999999999994, 6.904999999999999, 2.52, 1.0899999999999999, 2.6, 0.8150000000000001, 0.5625, 1.49, 7.317499999999999, 0.7449999999999999, 9.5275, 1.11, 4.9350000000000005, 3.605, 2.9650000000000003, 1.6725, 0.2125, 0.9775, 0.28250000000000003, 0.24500000000000002, 3.075, 0.0225, 2.7325, 0.2775, 0.14750000000000002, 0.01, 52.53, 10.5775, 1.9725000000000001, 2.115, 2.59, 1.47, 1.4525, 5.095, 3.7299999999999995, 0.14500000000000002, 0.6925]"
2013-10-01_2013-12-31,"[1.0, 8413.5, 88.97749999999999, 67.50999999999999, 8.5375, 60.237500000000004, 16.265, 25.775000000000002, 57.682500000000005, 31.805, 5.8725, 3.5124999999999997, 1.0175, 1.0474999999999999, 0.9275, 0.315, 0.2025, 2.3575, 5.4475, 10.0275, 4.8500000000000005, 3.255, 2.9675000000000002, 1.0275, 8.64, 3.415, 1.2925, 0.79, 3.8125, 1.0474999999999999, 4.3, 3.05, 1.2074999999999998, 0.155, 0.41, 0.2675, 6.665, 0.16, 0.21750000000000003, 0.2475, 0.3075, 6.5175, 1.4425, 0.8825, 1.045, 1.0574999999999999, 1.0025, 1.875, 2.19, 1.1675, 0.75, 0.19749999999999998, 1.215, 0.1525, 0.3075, 0.44250000000000006, 0.33, 7.1175, 2.7375, 1.0475, 2.605, 0.9774999999999999, 0.5425, 1.5425, 6.959999999999999, 0.7424999999999999, 9.75, 0.9900000000000001, 5.2925, 3.625, 3.055, 1.29, 0.14250000000000002, 0.6925, 0.4125, 0.1525, 3.0324999999999998, 0.05, 2.6725000000000003, 0.2375, 0.14500000000000002, 0.01, 50.8475, 10.575, 2.0725000000000002, 2.1725000000000003, 2.5875000000000004, 1.3275000000000001, 1.525, 4.7075, 4.112500000000001, 0.15000000000000002, 0.87]"
