2012-04-01_2012-06-30,"[0.75, 5099.75, 69.8225, 46.495, 29.735, 30.490000000000002, 32.7325, 17.64, 47.815, 26.085, 3.82, 2.5625, 0.9375, 0.6125, 0.5925, 0.25749999999999995, 0.16749999999999998, 1.2575, 5.62, 8.0825, 3.51, 2.77, 2.4825, 0.8775000000000001, 7.0075, 2.3625, 0.6875, 0.4325, 2.1225, 0.9375, 2.62, 1.5899999999999999, 1.0025, 0.165, 0.4175, 0.22749999999999998, 4.45, 0.035, 0.08750000000000001, 0.3025, 0.1225, 5.915, 2.7025, 0.5125, 0.7324999999999999, 0.8049999999999999, 0.435, 1.5100000000000002, 1.8, 1.1875, 0.29000000000000004, 0.3225, 0.5525, 0.3025, 0.1775, 0.015, 0.09, 5.0425, 2.0, 0.7324999999999999, 2.185, 0.4475, 0.2075, 1.3125, 6.0925, 0.6975, 10.38, 1.0575, 5.9825, 3.4325, 3.1775, 0.7, 0.385, 0.4925, 0.1325, 0.5125, 2.3025, 0.0075, 2.065, 0.1125, 0.12499999999999999, 0.0025, 31.947499999999998, 6.7475000000000005, 2.8525, 1.2275, 1.56, 0.38, 0.41, 2.9875000000000003, 3.9825, 0.0, 0.355]"
2012-07-01_2012-09-30,"[0.75, 5058.5, 72.14, 39.912499999999994, 25.795, 17.509999999999998, 28.110000000000003, 16.919999999999998, 46.6875, 24.3425, 2.075, 1.0074999999999998, 0.4475, 0.16999999999999998, 0.25, 0.0825, 0.052500000000000005, 1.0675, 6.895, 8.8025, 2.1275, 2.835, 1.9575, 0.765, 5.08, 2.1399999999999997, 0.9949999999999999, 0.8925, 2.05, 1.9925, 2.4175, 1.0975, 1.2850000000000001, 0.44, 0.39749999999999996, 0.14750000000000002, 2.6999999999999997, 0.0175, 0.08, 0.0375, 0.09, 4.647499999999999, 1.7625000000000002, 0.71, 0.35, 0.7999999999999999, 0.3725, 1.3, 0.9600000000000001, 0.2975, 0.1875, 0.455, 0.275, 0.08, 0.1125, 0.0, 0.08, 4.0575, 0.78, 0.5525, 2.2875, 0.365, 0.39749999999999996, 1.01, 4.35, 0.37, 10.7575, 1.01, 5.9275, 3.8925, 4.215, 0.7675, 0.0775, 0.685, 0.14750000000000002, 0.5475, 2.43, 0.0025, 2.3449999999999998, 0.04, 0.0425, 0.005, 35.28, 7.617500000000001, 3.1025, 1.97, 2.2775, 0.4775, 0.43, 2.46, 4.51, 0.0025, 0.1875]"
2012-10-01_2012-12-31,"[1.0, 5187.0, 96.085, 65.155, 25.752499999999998, 32.535, 24.87, 24.71, 63.7275, 32.6225, 3.61, 2.15, 0.7875, 0.3125, 0.72, 0.20249999999999999, 0.125, 1.46, 8.225, 12.397499999999999, 3.5575, 2.61, 2.465, 0.6525000000000001, 8.525, 2.9225000000000003, 1.43, 0.715, 2.7325, 1.5825, 4.2025, 2.2675, 1.8825, 0.4925, 0.7324999999999999, 0.2875, 5.56, 0.0325, 0.4275, 0.15, 0.16, 7.88, 3.695, 1.16, 0.9175, 1.1075, 0.9725, 1.0625, 1.755, 1.2125, 0.295, 0.24, 0.46, 0.13, 0.23500000000000001, 0.0475, 0.08, 6.6000000000000005, 1.6600000000000001, 1.1575, 3.1774999999999998, 0.625, 0.595, 1.06, 7.5275, 1.09, 12.59, 0.8624999999999999, 7.257499999999999, 4.52, 4.48, 1.53, 0.16, 0.8400000000000001, 0.1625, 0.4525, 3.6125, 0.0325, 3.3449999999999998, 0.3475, 0.09, 0.005, 43.64, 11.012500000000001, 5.345, 2.3524999999999996, 1.5625000000000002, 0.9975, 0.255, 2.2175000000000002, 5.0225, 0.0, 0.2]"
2013-01-01_2013-03-31,"[1.25, 4117.5, 116.7775, 73.6425, 49.0125, 50.4025, 26.23, 29.5425, 76.4, 40.99, 6.0649999999999995, 3.5625, 1.7025, 0.79, 0.625, 0.17500000000000002, 0.27, 2.495, 7.4225, 14.56, 5.555, 4.09, 3.7199999999999998, 1.0675, 10.155000000000001, 4.0375, 1.995, 0.835, 4.755, 1.4075, 4.13, 2.54, 1.5450000000000002, 0.1625, 0.4175, 0.4325, 6.28, 0.025, 0.28750000000000003, 0.14750000000000002, 0.1575, 9.285, 3.4125, 1.1025, 1.0775000000000001, 1.1575, 1.3000000000000003, 2.0525, 1.765, 0.7050000000000001, 0.44, 0.5499999999999999, 0.625, 0.11, 0.2675, 0.035, 0.22, 8.005, 2.8175, 1.2824999999999998, 3.3049999999999997, 0.73, 0.5925, 2.1825, 8.7375, 1.49, 18.595, 1.4700000000000002, 10.67, 6.715, 4.7775, 1.975, 0.325, 1.6925, 0.15000000000000002, 0.5775, 3.9675, 0.022500000000000003, 3.6875, 0.3, 0.09, 0.0, 56.5725, 12.6175, 3.4799999999999995, 2.585, 1.645, 0.9124999999999999, 0.835, 6.077500000000001, 5.9175, 0.365, 1.1875000000000002]"
2013-04-01_2013-06-30,"[1.25, 4766.75, 118.9525, 75.00999999999999, 54.095, 49.7675, 29.264999999999997, 30.655, 78.2375, 41.39, 6.6675, 4.3375, 2.39, 1.0325, 0.52, 0.195, 0.20249999999999999, 2.3225, 7.8125, 15.495000000000001, 5.0625, 3.6550000000000002, 3.3999999999999995, 0.675, 9.9, 3.32, 1.1575, 0.9775, 4.8925, 1.2925, 4.32, 2.5949999999999998, 1.7225000000000001, 0.4725, 0.5650000000000001, 0.21000000000000002, 6.2575, 0.07250000000000001, 0.2175, 0.16499999999999998, 0.18250000000000002, 8.7225, 3.8400000000000003, 1.1075, 1.0775, 0.86, 1.0474999999999999, 1.47, 2.32, 1.4375000000000002, 0.6225, 0.2075, 0.6224999999999999, 0.1575, 0.2875, 0.025, 0.1575, 7.6125, 2.6799999999999997, 0.99, 3.2074999999999996, 0.8725, 0.635, 2.155, 8.33, 0.855, 18.132499999999997, 1.455, 10.91, 5.85, 5.2625, 1.175, 0.36750000000000005, 2.1750000000000003, 0.1375, 0.7675000000000001, 3.8024999999999998, 0.02, 3.535, 0.145, 0.09500000000000001, 0.065, 57.815, 11.71, 3.255, 2.3675, 2.165, 0.4325, 1.015, 4.6975, 10.332499999999998, 0.5525, 0.9624999999999999]"
2013-07-01_2013-09-30,"[1.25, 5425.75, 112.5875, 74.3425, 44.074999999999996, 67.4925, 25.2325, 30.1025, 80.6575, 45.6825, 7.824999999999999, 4.4825, 2.0374999999999996, 1.185, 0.83, 0.26249999999999996, 0.1675, 3.335, 7.7, 15.287500000000001, 6.745, 4.2925, 4.21, 1.4874999999999998, 11.855, 4.1675, 1.82, 0.9249999999999999, 4.4825, 1.3775000000000002, 5.21, 3.4975, 1.6099999999999999, 0.24500000000000002, 0.6775, 0.2375, 7.3549999999999995, 0.08750000000000001, 0.16749999999999998, 0.175, 0.34249999999999997, 11.2775, 3.1975, 1.3899999999999997, 2.0525, 1.785, 1.6724999999999999, 2.68, 2.0549999999999997, 1.1825, 0.46749999999999997, 0.28, 0.9324999999999999, 0.36000000000000004, 0.4149999999999999, 0.0225, 0.13999999999999999, 8.3125, 2.82, 1.185, 3.3925, 0.9550000000000001, 0.8075, 2.0875, 9.585, 1.4825, 17.52, 1.3849999999999998, 10.3225, 6.08, 4.0075, 1.4775, 0.38999999999999996, 1.66, 0.10250000000000001, 0.5275, 2.9425, 0.0075, 2.37, 0.3175, 0.3075, 0.005, 53.045, 10.8625, 4.1075, 2.2375, 1.7574999999999998, 0.9825, 1.4349999999999998, 3.8949999999999996, 6.64, 0.52, 0.6975]"
2013-10-01_2013-12-31,"[1.25, 3464.0, 108.33500000000001, 76.265, 32.055, 66.7575, 25.74, 33.2425, 80.4325, 44.935, 7.7825, 5.0649999999999995, 2.185, 1.52, 0.77, 0.28, 0.31, 2.71, 8.487499999999999, 13.1125, 6.7425, 5.5175, 3.8449999999999998, 1.495, 11.32, 4.4, 1.7075, 0.6275, 3.4974999999999996, 1.4775, 5.272499999999999, 3.6250000000000004, 1.6349999999999998, 0.265, 0.5575, 0.21500000000000002, 7.937500000000001, 0.0325, 0.2325, 0.125, 0.2425, 11.572499999999998, 4.51, 1.265, 1.21, 1.1600000000000001, 1.6549999999999998, 2.695, 1.84, 0.9199999999999999, 0.66, 0.2025, 0.8975, 0.1875, 0.2025, 0.03, 0.5225000000000001, 9.46, 3.7424999999999997, 1.91, 2.99, 0.7725, 0.845, 2.0149999999999997, 8.395, 1.55, 13.0, 0.7124999999999999, 7.672500000000001, 4.8, 5.185, 1.44, 0.1775, 1.135, 0.315, 0.2875, 3.8625000000000003, 0.1, 3.3925, 0.41750000000000004, 0.3325, 0.0075, 50.2575, 12.69, 2.7, 2.37, 2.075, 0.6125, 1.07, 4.422499999999999, 3.92, 0.095, 0.2825]"
2014-01-01_2014-03-31,"[1.25, 4979.0, 117.5725, 73.985, 37.894999999999996, 49.1425, 26.347500000000004, 32.47, 79.995, 43.0975, 6.465, 3.5775000000000006, 1.4425000000000001, 0.8975, 0.43750000000000006, 0.46, 0.33749999999999997, 2.8875, 9.1275, 14.26, 6.095000000000001, 3.8999999999999995, 3.4025, 1.3224999999999998, 11.0, 3.995, 1.4225, 0.8424999999999999, 3.5825, 1.66, 5.305000000000001, 3.1050000000000004, 2.1750000000000003, 0.24000000000000002, 1.06, 0.17250000000000001, 7.135, 0.07500000000000001, 0.2425, 0.195, 0.4175, 10.0375, 3.665, 0.9875, 1.445, 1.04, 1.24, 2.6925, 1.9825, 1.095, 0.5499999999999999, 0.1625, 1.0225, 0.1225, 0.5549999999999999, 0.0325, 0.5175000000000001, 9.0275, 2.745, 1.2974999999999999, 3.994999999999999, 0.9875, 0.8500000000000001, 2.265, 9.1425, 0.9550000000000001, 15.975000000000001, 1.5025, 9.1575, 5.3975, 5.477499999999999, 1.13, 0.13999999999999999, 1.2650000000000001, 0.2475, 0.4625, 3.6125000000000003, 0.0175, 3.2625, 0.3275, 0.0925, 0.005, 49.2225, 11.19, 3.345, 2.775, 1.54, 0.5625, 0.9175, 3.5774999999999997, 6.44, 0.3325, 0.675]"
2014-04-01_2014-06-30,"[1.25, 4115.75, 114.7875, 72.3575, 33.845, 52.2625, 27.0125, 32.1725, 75.3825, 42.27, 6.7325, 4.0125, 1.4825, 0.73, 0.6775, 0.985, 0.1375, 2.725, 7.8325, 13.915, 7.0475, 3.4175, 3.83, 1.5875, 11.415, 3.76, 1.9149999999999998, 0.8325, 2.87, 1.27, 4.33, 2.66, 1.645, 0.4525, 0.5875000000000001, 0.175, 6.515, 0.0525, 0.0975, 0.0775, 1.0150000000000001, 10.7375, 4.2475000000000005, 1.215, 1.7275, 1.22, 1.5975000000000001, 2.2575, 1.8375, 1.0275, 0.5275000000000001, 0.255, 0.6200000000000001, 0.1325, 0.27, 0.0325, 0.1875, 7.705, 2.1325, 1.195, 3.915, 0.695, 0.6074999999999999, 1.88, 9.215, 0.9125, 15.235, 1.175, 8.94, 5.2375, 3.9775, 1.2525, 0.19, 1.1875, 0.11750000000000001, 0.6375, 4.03, 0.01, 3.8025, 0.16499999999999998, 0.105, 0.005, 52.057500000000005, 11.637500000000001, 2.775, 2.7775, 1.935, 0.545, 0.99, 4.0375, 5.282500000000001, 0.0, 0.7825]"
2014-07-01_2014-09-30,"[1.25, 4292.25, 116.4275, 75.105, 21.2575, 47.404999999999994, 29.967499999999998, 33.345, 75.41499999999999, 39.980000000000004, 5.56, 3.28, 1.2825000000000002, 0.96, 0.5325, 0.275, 0.23500000000000001, 2.2725, 7.750000000000001, 13.602500000000001, 5.382499999999999, 4.06, 4.185, 1.3225, 9.977500000000001, 4.1475, 1.7475000000000003, 0.6974999999999999, 3.27, 1.24, 5.795000000000001, 3.2175, 2.515, 0.505, 0.96, 0.42, 6.7025, 0.0525, 0.19000000000000003, 0.14750000000000002, 0.22, 9.415, 2.92, 1.185, 1.5525, 1.3699999999999999, 1.405, 2.22, 2.285, 1.4449999999999998, 0.49499999999999994, 0.25, 0.795, 0.245, 0.325, 0.035, 0.1875, 9.9325, 2.9725, 1.495, 4.3774999999999995, 0.97, 1.1099999999999999, 1.6775, 7.9975, 1.1624999999999999, 13.785, 1.2274999999999998, 7.9275, 4.82, 4.362500000000001, 1.6375, 0.21749999999999997, 1.1625, 0.525, 0.8725, 4.7675, 0.02, 4.43, 0.36249999999999993, 0.0875, 0.02, 53.86, 11.884999999999998, 3.3274999999999997, 2.865, 1.9575000000000002, 0.585, 1.1475, 4.385, 4.977499999999999, 0.1675, 0.625]"
2014-10-01_2014-12-31,"[1.25, 3244.25, 118.91749999999999, 78.07, 23.545, 50.800000000000004, 30.72, 33.34, 73.97500000000001, 37.1875, 4.609999999999999, 2.66, 1.005, 0.9875, 0.30749999999999994, 0.0875, 0.265, 1.9525000000000001, 7.4799999999999995, 13.71, 4.8425, 3.2175000000000002, 3.2275, 1.225, 9.354999999999999, 3.1875, 1.2924999999999998, 0.75, 3.5525, 1.4125, 5.482500000000001, 3.195, 2.265, 0.4475, 0.7675000000000001, 0.3225, 7.285, 0.075, 0.14, 0.1625, 0.09999999999999999, 8.66, 2.63, 1.185, 1.3525, 1.03, 1.125, 2.1725, 2.4125, 1.6800000000000002, 0.47750000000000004, 0.175, 0.875, 0.29500000000000004, 0.4425, 0.075, 0.245, 10.017499999999998, 3.4699999999999998, 1.26, 4.37, 0.795, 0.9775, 1.4700000000000002, 7.67, 0.9325000000000001, 14.27, 1.2575000000000003, 8.1575, 5.0, 4.7525, 1.855, 0.27, 1.665, 0.39, 0.62, 5.635, 0.0025, 5.3625, 0.31, 0.0875, 0.015, 54.8675, 12.315000000000001, 3.0475000000000003, 2.6225000000000005, 2.095, 0.5475000000000001, 1.0025, 4.7225, 4.92, 0.1375, 0.55]"
2015-01-01_2015-03-31,"[1.25, 3752.5, 115.555, 73.46, 15.59, 47.254999999999995, 31.42, 33.699999999999996, 70.96, 37.32, 5.8225, 3.3000000000000003, 1.235, 1.1575, 0.5025, 0.2075, 0.2025, 2.5250000000000004, 6.6875, 13.0375, 5.282499999999999, 3.2575000000000003, 3.4075, 1.3225, 10.0225, 3.5549999999999997, 1.3775, 0.8624999999999999, 3.965, 1.2975, 5.5200000000000005, 3.015, 2.4325, 0.29750000000000004, 1.08, 0.30000000000000004, 6.297499999999999, 0.1, 0.22000000000000003, 0.2075, 0.215, 8.95, 2.385, 1.1175, 1.2325000000000002, 1.085, 1.5350000000000001, 2.5100000000000002, 1.8900000000000001, 1.145, 0.45749999999999996, 0.2525, 0.6375, 0.19000000000000003, 0.2625, 0.0125, 0.2625, 9.200000000000001, 2.7975, 1.1375, 4.210000000000001, 1.09, 0.955, 1.7974999999999999, 8.0275, 0.905, 12.495, 1.165, 7.1575, 4.26, 3.825, 1.1975, 0.24000000000000002, 1.5525, 0.26, 1.01, 4.432499999999999, 0.0475, 3.9875000000000003, 0.41750000000000004, 0.14250000000000002, 0.0275, 58.947500000000005, 12.055000000000001, 2.9625, 2.4774999999999996, 2.1, 0.76, 1.0350000000000001, 6.619999999999999, 4.74, 0.29000000000000004, 0.435]"
2015-04-01_2015-06-30,"[1.25, 7448.0, 115.3625, 77.3725, 21.7325, 46.5525, 29.7075, 33.375, 74.065, 39.86, 6.2325, 3.4925, 1.1874999999999998, 1.2275, 0.52, 0.275, 0.2825, 2.7350000000000003, 7.5775, 12.9575, 5.8925, 3.4725, 4.0024999999999995, 1.465, 10.602500000000001, 3.3775, 1.6125, 0.905, 4.135, 1.37, 4.465, 2.615, 1.82, 0.28, 0.8425, 0.2925, 7.225, 0.0675, 0.135, 0.135, 0.2325, 9.465, 2.89, 1.5175, 1.42, 1.185, 1.1975, 2.3975, 1.9324999999999999, 1.0675, 0.4325, 0.33000000000000007, 0.6975, 0.27749999999999997, 0.31000000000000005, 0.01, 0.19, 9.52, 3.21, 1.185, 4.17, 0.8700000000000001, 0.865, 1.86, 8.57, 1.155, 13.584999999999999, 1.1600000000000001, 7.612499999999999, 4.9375, 4.26, 1.775, 0.185, 1.48, 0.3375, 0.6925, 4.7924999999999995, 0.017499999999999998, 4.505, 0.3325, 0.125, 0.005, 55.887499999999996, 12.037500000000001, 3.1125, 2.5975, 2.3825, 0.8350000000000001, 0.9075, 4.4825, 4.845000000000001, 0.07250000000000001, 0.3025]"
2015-07-01_2015-09-30,"[1.25, 4386.5, 115.17749999999998, 77.745, 14.28, 40.335, 27.98, 34.475, 72.54249999999999, 37.677499999999995, 6.01, 3.2825, 1.085, 0.9525, 0.705, 0.22, 0.3125, 2.7350000000000003, 6.5424999999999995, 12.61, 5.3175, 3.715, 3.135, 1.6750000000000003, 9.9325, 3.8724999999999996, 1.6624999999999999, 0.9175, 3.8600000000000003, 1.475, 5.710000000000001, 3.0574999999999997, 2.5925000000000002, 0.4875, 0.9349999999999998, 0.3975, 7.6, 0.13, 0.1275, 0.13999999999999999, 0.2125, 8.365, 1.9575, 1.01, 1.4825000000000002, 1.205, 1.5225, 2.52, 2.27, 1.42, 0.4724999999999999, 0.265, 1.2425, 0.4925, 0.41250000000000003, 0.0675, 0.27499999999999997, 10.535, 3.3175, 1.225, 4.63, 1.085, 1.2374999999999998, 1.4449999999999998, 7.9, 0.9724999999999999, 13.21, 1.6425, 7.4725, 4.297499999999999, 3.9200000000000004, 2.0324999999999998, 0.30999999999999994, 1.615, 0.155, 0.5625, 5.9575, 0.037500000000000006, 5.515000000000001, 0.33999999999999997, 0.14250000000000002, 0.015, 57.7, 12.945, 2.9825, 1.7525000000000002, 1.83, 0.8775000000000001, 1.16, 4.06, 5.842499999999999, 0.1475, 0.5575]"
2015-10-01_2015-12-31,"[1.25, 4140.75, 115.32499999999999, 74.78, 15.5275, 31.3925, 29.2775, 33.71, 72.345, 37.675, 6.0725, 3.56, 1.2750000000000001, 0.8775, 0.8274999999999999, 0.2675, 0.31, 2.5125, 6.609999999999999, 13.0525, 5.3175, 2.91, 3.58, 1.5350000000000001, 10.030000000000001, 3.3375, 1.5475, 0.885, 3.9175, 1.275, 6.28, 2.7525000000000004, 3.455, 0.665, 1.44, 0.3425, 6.8625, 0.08499999999999999, 0.14500000000000002, 0.12000000000000001, 0.2725, 8.7325, 2.385, 1.185, 1.44, 1.135, 1.125, 2.46, 2.1975, 1.545, 0.295, 0.2425, 1.115, 0.3425, 0.54, 0.0375, 0.28500000000000003, 10.1375, 3.1075, 1.3775, 4.732499999999999, 0.6725, 1.0274999999999999, 1.42, 8.1475, 0.8875, 12.885000000000002, 1.2750000000000001, 7.1674999999999995, 4.545, 3.5875, 2.21, 0.27, 0.9500000000000001, 0.22749999999999998, 1.1075, 6.25, 0.095, 5.907500000000001, 0.135, 0.13, 0.037500000000000006, 57.3925, 13.3, 2.8075, 2.0425, 1.7200000000000002, 0.9225, 1.1875, 4.84, 4.765000000000001, 0.2475, 0.3075]"
2016-01-01_2016-03-31,"[1.25, 5288.75, 115.905, 77.3325, 13.1175, 37.589999999999996, 28.76, 32.5525, 72.6125, 36.835, 5.43, 3.0250000000000004, 1.055, 0.91, 0.4125, 0.33999999999999997, 0.31, 2.4025000000000003, 6.8825, 12.57, 5.63, 3.1175, 3.4775, 1.4225000000000003, 10.2975, 3.5524999999999998, 1.535, 0.88, 4.045, 1.5749999999999997, 6.105, 3.1475, 2.89, 0.6175, 0.96, 0.415, 7.5875, 0.09, 0.16749999999999998, 0.2925, 0.295, 8.9, 2.1125000000000003, 1.185, 1.4500000000000002, 1.1099999999999999, 1.3749999999999998, 2.6, 2.3125, 1.335, 0.665, 0.2375, 1.1925, 0.3175, 0.525, 0.049999999999999996, 0.36000000000000004, 10.3325, 3.5075000000000003, 1.2475, 4.5125, 0.84, 1.1275, 1.6349999999999998, 8.0025, 0.8700000000000001, 12.5375, 1.06, 7.96, 3.5775, 3.5775, 2.1625, 0.235, 1.05, 0.19499999999999998, 0.875, 6.135000000000001, 0.005, 5.9, 0.1, 0.14, 0.0525, 57.6725, 13.575, 2.8899999999999997, 2.01, 1.8375, 0.7949999999999999, 0.9725, 5.6225000000000005, 4.6525, 0.18, 0.375]"
2016-04-01_2016-06-30,"[1.25, 5992.75, 113.6475, 78.07249999999999, 19.1675, 45.7675, 27.645, 33.105, 72.93, 37.7825, 6.1725, 3.2300000000000004, 0.975, 1.2625, 0.5675, 0.155, 0.26, 2.95, 6.4625, 12.4575, 5.607500000000001, 4.0075, 3.375, 1.4949999999999999, 10.252500000000001, 3.2674999999999996, 1.335, 1.06, 3.9924999999999997, 1.065, 5.1075, 2.8925, 2.17, 0.4625, 0.8075, 0.35, 7.67, 0.08, 0.1325, 0.15, 0.1775, 9.6975, 2.59, 1.2674999999999998, 1.3625, 1.4900000000000002, 1.3275000000000001, 2.8674999999999997, 2.2975, 1.425, 0.6, 0.2375, 1.0575, 0.31000000000000005, 0.4525, 0.1, 0.29000000000000004, 10.3725, 3.8, 1.0350000000000001, 4.4825, 0.6825, 1.1275, 1.72, 8.1525, 1.065, 13.0, 1.48, 7.0825, 4.717499999999999, 3.52, 2.1975000000000002, 0.27749999999999997, 1.63, 0.21000000000000002, 0.6875, 6.1925, 0.015, 6.0375, 0.2725, 0.07500000000000001, 0.0, 58.2575, 13.2475, 2.8525, 2.4925, 2.1950000000000003, 0.9874999999999999, 1.4024999999999999, 5.0625, 4.0225, 0.0925, 0.4675]"
2016-07-01_2016-09-30,"[1.25, 4204.5, 115.3925, 79.2025, 14.125, 41.214999999999996, 26.349999999999998, 32.67, 73.6625, 38.7025, 5.8, 3.17, 0.9475000000000001, 1.175, 0.55, 0.245, 0.24999999999999997, 2.6225000000000005, 6.6825, 13.0875, 5.7825, 3.2775000000000003, 3.735, 1.7075, 10.0325, 3.565, 1.7675, 0.7200000000000001, 3.85, 1.335, 5.3, 2.875, 2.3899999999999997, 0.635, 0.87, 0.29000000000000004, 8.45, 0.19999999999999998, 0.2275, 0.0925, 0.28500000000000003, 8.8975, 1.9849999999999997, 0.885, 1.4925, 1.2624999999999997, 1.385, 3.0174999999999996, 2.225, 1.4725000000000001, 0.5275000000000001, 0.20500000000000002, 0.8775, 0.275, 0.35750000000000004, 0.02, 0.265, 11.002500000000001, 4.3025, 0.9424999999999999, 4.4825, 0.8575, 1.1775, 1.5975, 8.2325, 0.8625, 12.67, 1.26, 7.364999999999999, 4.22, 3.38, 2.6625, 0.2625, 1.2000000000000002, 0.1525, 0.595, 6.685, 0.02, 6.4225, 0.4, 0.085, 0.005, 57.47749999999999, 13.950000000000001, 3.05, 2.24, 1.9974999999999998, 0.785, 1.07, 5.035, 4.2, 0.2275, 0.135]"
2016-10-01_2016-12-31,"[1.25, 4380.75, 117.53249999999998, 80.7775, 13.977500000000001, 37.4025, 26.447499999999998, 34.5325, 73.04750000000001, 36.677499999999995, 5.5075, 3.25, 1.25, 1.0525, 0.47250000000000003, 0.3075, 0.17250000000000001, 2.2575, 6.859999999999999, 13.0925, 5.172499999999999, 2.8949999999999996, 3.1874999999999996, 1.32, 10.18, 4.0625, 1.7175, 0.8300000000000001, 3.8449999999999998, 1.1375000000000002, 4.9350000000000005, 2.56, 2.29, 0.35750000000000004, 0.9975, 0.28, 8.105, 0.09000000000000001, 0.2025, 0.0625, 0.375, 7.955000000000001, 2.1975, 1.265, 1.3675000000000002, 0.99, 1.075, 2.0975, 2.6174999999999997, 1.3575, 0.7325, 0.365, 0.75, 0.21, 0.3875, 0.035, 0.2375, 11.139999999999999, 3.7424999999999997, 1.41, 4.88, 1.1425, 1.09, 1.8950000000000002, 7.985, 0.9325000000000001, 12.9125, 1.1375, 7.3275, 4.55, 4.335, 2.1925, 0.27749999999999997, 1.31, 0.24500000000000002, 0.78, 6.47, 0.042499999999999996, 6.2575, 0.7675, 0.09, 0.0075, 60.357499999999995, 14.127500000000001, 2.4899999999999998, 2.9025, 1.6724999999999999, 0.8025, 1.4849999999999999, 5.91, 4.015, 0.2025, 0.27]"
2017-01-01_2017-03-31,"[1.25, 5338.25, 114.64999999999999, 84.2425, 13.4925, 45.0525, 25.422500000000003, 32.9475, 74.39, 38.025, 6.455, 3.785, 0.955, 1.3775, 0.9500000000000001, 0.3025, 0.20500000000000002, 2.665, 6.62, 12.605, 5.54, 3.4800000000000004, 3.5100000000000002, 1.4000000000000001, 10.327499999999999, 3.7375, 1.705, 0.8325000000000001, 4.465, 1.285, 5.3975, 2.9775, 2.3575000000000004, 0.44, 0.8675, 0.3125, 8.745, 0.11249999999999999, 0.135, 0.135, 0.40750000000000003, 9.530000000000001, 2.5125, 1.19, 1.8675000000000002, 1.33, 1.3775, 2.7675, 2.2399999999999998, 1.4874999999999998, 0.44250000000000006, 0.15, 0.795, 0.2225, 0.4475, 0.0225, 0.21250000000000002, 11.370000000000001, 3.9450000000000003, 1.3800000000000001, 5.115, 0.8675, 0.9599999999999999, 1.745, 8.215, 0.815, 12.5625, 1.1875, 7.4725, 4.1325, 4.24, 1.8025000000000002, 0.17, 1.7275, 0.255, 0.695, 6.085, 0.01, 5.88, 0.7300000000000001, 0.115, 0.005, 60.0325, 14.3575, 2.9349999999999996, 2.7025000000000006, 2.3925, 0.8200000000000001, 0.905, 4.8375, 5.01, 0.125, 0.36750000000000005]"
2017-04-01_2017-06-30,"[1.25, 6715.25, 114.64750000000001, 78.0, 25.86, 39.870000000000005, 25.775000000000002, 31.8975, 76.08500000000001, 39.4675, 6.055, 3.37, 1.0775000000000001, 1.195, 0.51, 0.4125, 0.1775, 2.6849999999999996, 6.985000000000001, 13.0825, 6.1375, 3.88, 3.4275, 1.6575000000000002, 10.967500000000001, 3.6425, 1.6099999999999999, 1.1349999999999998, 4.3950000000000005, 1.3900000000000001, 5.0024999999999995, 2.69, 2.295, 0.4575, 1.0825000000000002, 0.26, 8.0, 0.1075, 0.1425, 0.1975, 0.3075, 10.325, 2.9125, 1.735, 1.665, 1.1099999999999999, 1.4825, 2.7725, 1.8325, 1.135, 0.4425, 0.20750000000000002, 1.035, 0.4575, 0.4975, 0.0425, 0.17, 10.865, 4.18, 1.2275, 4.4225, 0.99, 0.9199999999999999, 1.8525, 8.4625, 0.9825, 14.89, 1.4700000000000002, 8.94, 4.7, 3.8875, 2.5025, 0.39499999999999996, 1.4425000000000001, 0.3075, 0.685, 5.89, 0.01, 5.7325, 0.54, 0.07250000000000001, 0.0, 57.985, 13.2175, 2.745, 2.3925, 2.025, 0.925, 1.1775, 4.43, 4.22, 0.1, 0.18]"
2017-07-01_2017-09-30,"[1.25, 7715.75, 114.6025, 83.715, 13.6875, 47.01, 23.705, 30.975, 75.06, 37.177499999999995, 6.285, 3.5925, 1.2, 1.1475, 0.7999999999999999, 0.135, 0.305, 2.6849999999999996, 6.165, 12.6275, 5.6274999999999995, 3.5725, 3.2975, 1.1675, 10.3575, 4.1525, 1.8049999999999997, 0.965, 5.0575, 1.4674999999999998, 5.527500000000001, 3.145, 2.3449999999999998, 0.39749999999999996, 0.9225000000000001, 0.3125, 8.395, 0.0575, 0.2375, 0.1225, 0.15500000000000003, 9.0175, 2.52, 1.15, 1.6949999999999998, 1.24, 1.41, 2.2775, 2.23, 1.525, 0.4175, 0.28500000000000003, 1.22, 0.33749999999999997, 0.6925, 0.115, 0.32000000000000006, 11.2075, 4.0975, 1.1975, 4.7475, 1.01, 0.9974999999999999, 1.7049999999999998, 8.345, 0.745, 12.7425, 1.3875, 7.510000000000001, 4.0325, 4.29, 2.6175, 0.3825, 2.27, 0.1375, 0.5625, 6.3625, 0.015000000000000001, 6.1975, 0.6024999999999999, 0.0675, 0.0, 60.4375, 14.245, 2.58, 2.3175, 2.2199999999999998, 0.9450000000000001, 1.1124999999999998, 4.215, 4.3025, 0.08750000000000001, 0.2525]"
2017-10-01_2017-12-31,"[1.25, 5107.0, 115.9075, 77.4025, 16.205, 40.935, 23.575000000000003, 33.965, 79.175, 41.845, 5.9975000000000005, 2.8999999999999995, 1.065, 0.8125, 0.39, 0.2775, 0.34500000000000003, 3.0975, 8.01, 13.902500000000002, 6.04, 4.36, 4.28, 1.2575, 10.442499999999999, 3.925, 1.8250000000000002, 1.0324999999999998, 4.5175, 1.3025, 5.195, 2.7824999999999998, 2.3625, 0.3825, 0.7474999999999999, 0.505, 7.7925, 0.1375, 0.2, 0.25, 0.1975, 10.057500000000001, 2.515, 1.43, 1.9249999999999998, 1.3975, 1.595, 2.79, 1.9449999999999998, 1.2825, 0.41500000000000004, 0.21249999999999997, 0.905, 0.295, 0.4375, 0.025, 0.24500000000000002, 10.9725, 3.59, 1.3900000000000001, 5.047499999999999, 0.81, 1.11, 1.8449999999999998, 8.125, 0.8475, 13.530000000000001, 1.315, 7.5625, 4.845000000000001, 5.050000000000001, 2.3225, 0.3275, 1.8399999999999999, 0.46249999999999997, 0.58, 5.6525, 0.01, 5.477500000000001, 0.6099999999999999, 0.07500000000000001, 0.005, 54.2475, 13.85, 3.295, 1.85, 1.5825, 0.6599999999999999, 0.5925, 4.7875, 4.7299999999999995, 0.10500000000000001, 0.135]"
2018-01-01_2018-03-31,"[1.25, 7227.0, 113.80749999999999, 80.3575, 18.1275, 44.7675, 23.3875, 32.3525, 83.185, 46.4125, 7.6274999999999995, 3.835, 1.3525, 1.1400000000000001, 0.6425000000000001, 0.33249999999999996, 0.37, 3.7949999999999995, 8.9925, 14.442499999999999, 7.265000000000001, 3.945, 4.387499999999999, 1.4749999999999999, 12.155000000000001, 4.5025, 2.0025, 1.3, 3.9675000000000002, 1.4674999999999998, 5.7375, 3.18, 2.5375, 0.425, 1.1025, 0.33999999999999997, 8.5875, 0.1, 0.20249999999999999, 0.245, 0.2925, 9.965, 2.24, 1.5150000000000001, 1.805, 1.475, 1.4975, 2.8274999999999997, 2.0025000000000004, 1.1825, 0.525, 0.2325, 0.9849999999999999, 0.29, 0.5525, 0.0375, 0.23249999999999998, 11.7125, 3.7725, 1.7149999999999999, 5.2275, 1.0625000000000002, 0.9274999999999999, 2.1625, 9.4725, 0.9725, 13.9625, 1.445, 7.527499999999999, 5.159999999999999, 4.2700000000000005, 2.105, 0.225, 1.2725, 0.35, 0.6025, 4.79, 0.015, 4.545, 0.41000000000000003, 0.14750000000000002, 0.01, 51.045, 12.247499999999999, 3.325, 1.85, 1.8699999999999999, 0.6225, 0.68, 3.7725, 4.725, 0.095, 0.3225]"
2018-04-01_2018-06-30,"[1.25, 8282.5, 116.55, 78.69749999999999, 29.345, 40.2475, 23.2325, 32.665, 82.18750000000001, 45.015, 7.092499999999999, 3.88, 1.42, 1.345, 0.565, 0.2525, 0.3, 3.2125, 8.959999999999999, 14.7875, 6.577500000000001, 3.8225000000000002, 4.12, 1.5074999999999998, 11.6075, 3.8, 1.6825, 0.8650000000000001, 3.98, 1.4400000000000002, 5.49, 2.8800000000000003, 2.5725000000000002, 0.43250000000000005, 1.155, 0.2575, 8.285, 0.1475, 0.2375, 0.1, 0.305, 10.6825, 3.0625, 1.5575, 1.6975, 1.3749999999999998, 1.4725000000000001, 2.85, 1.9575, 1.1925000000000001, 0.53, 0.17750000000000002, 0.98, 0.20750000000000002, 0.6074999999999999, 0.07500000000000001, 0.18, 11.385000000000002, 3.9525, 1.535, 5.04, 0.895, 0.9349999999999999, 1.9825, 9.0775, 1.1175000000000002, 15.084999999999999, 1.6025, 9.237499999999999, 4.427499999999999, 4.51, 2.05, 0.30500000000000005, 1.3324999999999998, 0.265, 0.625, 4.4975000000000005, 0.115, 4.342499999999999, 0.2525, 0.04750000000000001, 0.0225, 51.5825, 12.120000000000001, 3.3800000000000003, 1.6925000000000001, 2.0775, 0.40249999999999997, 0.8450000000000001, 4.26, 4.9475, 0.075, 0.1675]"
2018-07-01_2018-09-30,"[1.25, 6176.75, 117.6425, 83.7525, 18.1525, 52.192499999999995, 20.9975, 33.0225, 81.45, 43.152499999999996, 6.055000000000001, 2.9524999999999997, 0.72, 1.2850000000000001, 0.37, 0.3175, 0.2575, 3.1025, 10.0825, 14.620000000000001, 5.369999999999999, 3.205, 4.01, 1.205, 10.327499999999999, 4.29, 1.66, 0.8475, 4.272500000000001, 1.5150000000000001, 6.404999999999999, 3.7249999999999996, 2.645, 0.35250000000000004, 1.1525, 0.275, 8.3725, 0.035, 0.20750000000000002, 0.1225, 0.3075, 9.2875, 1.8475, 1.64, 2.04, 0.9974999999999999, 1.3775, 2.3125, 1.7349999999999999, 1.1925000000000001, 0.3075, 0.1625, 0.9374999999999999, 0.26749999999999996, 0.255, 0.0325, 0.4475, 10.5875, 3.4775, 1.3399999999999999, 4.07, 1.4625, 1.15, 1.7825, 8.057500000000001, 1.2449999999999999, 15.2475, 1.3575, 7.529999999999999, 6.170000000000001, 3.5825000000000005, 2.5975, 0.5775, 1.635, 0.15, 0.395, 5.159999999999999, 0.06, 4.9975000000000005, 1.22, 0.09000000000000001, 0.0, 55.597500000000004, 12.997499999999999, 3.405, 2.9175000000000004, 1.4725, 0.5874999999999999, 0.9125, 5.390000000000001, 4.8525, 0.0825, 0.38]"
2018-10-01_2018-12-31,"[1.25, 5022.5, 114.9075, 83.2525, 17.18, 37.6625, 23.795, 32.4725, 80.99000000000001, 43.9625, 7.2124999999999995, 3.5975, 1.005, 1.2425000000000002, 0.65, 0.33749999999999997, 0.3625, 3.615, 8.6725, 13.772499999999999, 6.8025, 3.415, 4.3475, 1.3975000000000002, 11.8, 4.305, 2.21, 1.12, 4.515, 1.5925, 5.0575, 2.645, 2.38, 0.4, 0.935, 0.38499999999999995, 8.7, 0.10250000000000001, 0.14, 0.23500000000000001, 0.3025, 9.5775, 2.3049999999999997, 1.4449999999999998, 1.7975, 1.215, 1.37, 2.66, 1.8725, 1.1425, 0.45749999999999996, 0.21, 0.7000000000000001, 0.25, 0.3175, 0.0225, 0.1425, 11.0675, 3.7674999999999996, 1.4675, 4.925, 0.9275, 0.8624999999999999, 2.2649999999999997, 8.969999999999999, 1.1125, 14.104999999999999, 1.425, 8.1475, 4.77, 4.43, 2.065, 0.4125, 1.88, 0.4575, 0.6000000000000001, 4.665000000000001, 0.01, 4.46, 0.31250000000000006, 0.0925, 0.015, 51.2425, 12.4775, 3.3674999999999997, 1.6325, 1.6575, 0.5850000000000001, 0.7224999999999999, 4.8875, 4.745, 0.049999999999999996, 0.3975]"
2019-01-01_2019-03-31,"[1.25, 7181.25, 115.55749999999999, 81.57000000000001, 18.405, 40.472500000000004, 24.03, 32.5175, 80.69250000000001, 43.65, 6.8825, 3.5675, 1.1575000000000002, 1.2325, 0.51, 0.3475, 0.32, 3.315, 8.6375, 13.9625, 6.34, 3.5875, 4.7625, 1.42, 10.5875, 4.237500000000001, 1.9325, 0.9950000000000001, 4.7975, 1.5649999999999997, 5.295, 2.8075, 2.4325, 0.52, 1.0, 0.42499999999999993, 8.44, 0.12000000000000001, 0.1875, 0.4625, 0.32250000000000006, 9.3125, 2.5475000000000003, 1.5, 1.635, 1.0725, 1.32, 2.525, 1.6875, 0.8775, 0.5725, 0.20750000000000002, 1.0025, 0.3175, 0.525, 0.0425, 0.2275, 11.277500000000002, 3.6375, 1.4024999999999999, 5.1375, 1.0075, 0.92, 2.1025, 8.1725, 1.0025, 13.807500000000001, 1.305, 7.967499999999999, 4.5825000000000005, 4.9025, 2.0025, 0.2525, 1.99, 0.255, 0.5225, 4.76, 0.0075, 4.6175, 0.55, 0.07, 0.0, 54.315000000000005, 12.2, 3.26, 2.1, 2.3049999999999997, 0.44499999999999995, 0.795, 4.33, 4.8975, 0.07500000000000001, 0.2125]"
2019-04-01_2019-06-30,"[1.25, 7162.75, 115.40750000000001, 82.045, 15.1275, 38.84, 22.8675, 33.30500000000001, 79.71499999999999, 42.965, 6.8025, 3.555, 1.0875, 1.2475, 0.5675, 0.38249999999999995, 0.2675, 3.245, 8.1675, 14.017500000000002, 6.395, 3.6225000000000005, 4.6000000000000005, 1.3199999999999998, 10.959999999999999, 4.7025, 2.1325000000000003, 1.1625, 4.140000000000001, 1.58, 5.14, 2.6900000000000004, 2.3850000000000002, 0.48999999999999994, 0.94, 0.38, 8.315, 0.052500000000000005, 0.1675, 0.135, 0.395, 9.7725, 2.2399999999999998, 1.615, 1.7725, 1.225, 1.7375000000000003, 2.5275000000000003, 2.01, 1.25, 0.4275, 0.2825, 0.7799999999999999, 0.1925, 0.4375, 0.0225, 0.2425, 11.167499999999999, 3.9125000000000005, 1.5699999999999998, 4.855, 0.745, 1.0899999999999999, 1.695, 8.95, 0.7849999999999999, 13.665, 1.3775, 7.642499999999999, 4.7475000000000005, 4.3374999999999995, 1.9325, 0.635, 1.94, 0.305, 0.6174999999999999, 4.9725, 0.04, 4.710000000000001, 0.4525, 0.115, 0.005, 54.667500000000004, 13.062499999999998, 3.3325000000000005, 1.645, 2.0025, 0.6174999999999999, 0.5349999999999999, 4.797499999999999, 4.5, 0.1025, 0.4125]"
2019-07-01_2019-09-30,"[1.25, 4939.5, 116.53500000000001, 81.87, 23.817500000000003, 36.357499999999995, 23.0225, 32.705, 83.47, 45.6525, 7.115, 3.63, 1.1199999999999999, 1.22, 0.615, 0.32499999999999996, 0.35000000000000003, 3.4825, 9.15, 14.940000000000001, 6.307500000000001, 4.26, 4.495, 1.3250000000000002, 11.64, 4.3575, 2.045, 1.14, 4.3225, 1.445, 5.444999999999999, 2.7175, 2.6075, 0.375, 0.805, 0.495, 8.375, 0.08, 0.195, 0.1425, 0.3075, 9.39, 2.21, 1.5425, 1.61, 1.1324999999999998, 1.3874999999999997, 2.645, 2.2325, 1.2399999999999998, 0.47000000000000003, 0.35250000000000004, 1.07, 0.245, 0.5825, 0.02, 0.235, 10.882500000000002, 3.84, 1.4525, 4.755000000000001, 0.73, 0.9074999999999999, 2.3275, 9.3075, 0.93, 15.55, 1.585, 8.6525, 5.36, 4.3375, 2.27, 0.48, 1.685, 0.185, 0.5175000000000001, 5.0024999999999995, 0.024999999999999998, 4.755000000000001, 0.33, 0.13749999999999998, 0.03, 50.087500000000006, 12.555000000000001, 3.2475, 1.4525000000000001, 1.615, 0.52, 0.5725, 4.16, 4.614999999999999, 0.035, 0.2075]"
2019-10-01_2019-12-31,"[1.25, 3789.5, 114.41250000000001, 79.8775, 21.447499999999998, 36.7375, 23.467499999999998, 33.474999999999994, 82.7925, 45.217499999999994, 6.945, 3.5225, 1.4625, 0.875, 0.535, 0.2925, 0.355, 3.42, 8.5725, 14.192499999999999, 6.9875, 4.1899999999999995, 4.62, 1.4549999999999998, 11.4, 4.33, 2.0375, 1.0825, 3.6775, 1.6125, 5.615, 2.8724999999999996, 2.705, 0.3875, 1.0475, 0.37749999999999995, 8.5175, 0.07250000000000001, 0.41250000000000003, 0.15000000000000002, 0.2775, 8.9375, 2.2675, 1.5, 1.5174999999999998, 1.19, 1.28, 2.4175, 1.955, 1.0899999999999999, 0.5700000000000001, 0.235, 0.6975, 0.2775, 0.37750000000000006, 0.005, 0.11, 11.260000000000002, 3.7775, 1.495, 4.8425, 1.08, 0.94, 1.9975, 9.045, 1.21, 14.704999999999998, 1.45, 8.5575, 4.952500000000001, 4.2225, 2.415, 0.42000000000000004, 1.745, 0.3175, 0.865, 5.45, 0.005, 5.26, 0.42000000000000004, 0.1, 0.01, 52.555, 12.895, 3.4999999999999996, 1.485, 1.7774999999999999, 0.7175, 0.47750000000000004, 3.7199999999999998, 4.515000000000001, 0.13, 0.5825]"
2010-07-01_2010-09-30,"[0.75, 145.75, 69.99000000000001, 38.0375, 10.432500000000001, 16.4775, 16.895000000000003, 19.650000000000002, 40.9225, 18.8, 1.4925, 1.305, 1.1825, 0.0625, 0.0, 0.0625, 0.0, 0.1875, 4.6925, 6.6325, 2.2075, 3.09, 1.81, 0.125, 3.45, 1.055, 0.2175, 0.0, 2.8675, 1.3975, 1.4275, 0.59, 0.8375, 0.125, 0.28, 0.125, 1.77, 0.0, 0.155, 0.0, 0.0625, 1.525, 0.7775, 0.0, 0.1875, 0.1875, 0.25, 0.3725, 2.5875000000000004, 1.2125000000000001, 0.0, 1.375, 0.6525000000000001, 0.0625, 0.5900000000000001, 0.0, 0.0, 2.9825, 0.7150000000000001, 0.46499999999999997, 1.0875000000000001, 0.3425, 0.56, 1.5925, 3.4175, 0.84, 8.752500000000001, 0.3425, 4.675, 3.7350000000000003, 2.2375, 2.0525, 0.0, 1.275, 0.28, 0.125, 4.015, 0.0, 4.015, 0.0, 0.0, 0.0, 30.5075, 7.129999999999999, 1.2125, 6.11, 0.56, 1.15, 1.685, 1.4000000000000001, 2.425, 0.0, 0.0]"
2010-10-01_2010-12-31,"[0.75, 385.75, 72.5, 39.5975, 12.377500000000001, 24.0125, 19.3875, 17.655, 45.7025, 22.395, 2.7625, 2.2625, 1.705, 0.33499999999999996, 0.1825, 0.0375, 0.0, 0.5, 5.8975, 7.73, 3.2125, 1.2725000000000002, 1.3875, 0.7299999999999999, 5.3575, 1.3900000000000001, 0.5175000000000001, 0.3525, 1.91, 2.4125, 1.5950000000000002, 0.9075, 0.65, 0.075, 0.2625, 0.075, 3.3075, 0.0, 0.29, 0.2575, 0.1625, 3.4225, 1.1475, 0.42, 0.525, 0.2, 0.5525, 0.8674999999999999, 1.94, 1.605, 0.2575, 0.075, 0.295, 0.10999999999999999, 0.1825, 0.0, 0.0375, 4.492500000000001, 1.6, 0.465, 1.9725000000000001, 0.2625, 0.4525, 0.485, 4.1325, 0.48, 7.5, 0.875, 4.574999999999999, 2.1574999999999998, 2.8099999999999996, 2.8499999999999996, 0.2, 1.1124999999999998, 0.1125, 0.2625, 3.6975, 0.0, 3.5875, 0.0, 0.0375, 0.075, 29.7925, 6.8675, 0.45, 1.7575, 1.305, 1.37, 0.575, 3.19, 4.2675, 0.125, 0.075]"
2011-01-01_2011-03-31,"[0.75, 521.0, 73.14, 43.945, 11.0125, 20.6125, 19.814999999999998, 16.015, 47.0875, 23.299999999999997, 2.755, 2.1525, 1.1600000000000001, 0.5125000000000001, 0.22500000000000003, 0.085, 0.17000000000000004, 0.6025, 6.3500000000000005, 8.25, 3.0425, 1.4849999999999999, 1.4175, 0.495, 5.625, 1.9024999999999999, 0.49500000000000005, 0.325, 1.5725, 2.205, 1.5075, 0.7875, 0.7175, 0.0175, 0.155, 0.29000000000000004, 3.0175, 0.0, 0.085, 0.17000000000000004, 0.085, 3.585, 1.475, 0.6025, 0.7175, 0.29000000000000004, 0.3425, 0.445, 2.12, 1.3725, 0.47750000000000004, 0.20500000000000002, 0.7150000000000001, 0.15250000000000002, 0.41000000000000003, 0.0, 0.15250000000000002, 4.335, 1.3424999999999998, 0.5125000000000001, 2.4625, 0.1375, 0.2225, 0.665, 4.555, 0.39, 8.4825, 0.855, 5.470000000000001, 2.46, 3.6225000000000005, 2.2199999999999998, 0.0525, 1.3650000000000002, 0.10250000000000001, 0.335, 3.2824999999999998, 0.0, 3.2475, 0.035, 0.0175, 0.0, 28.764999999999997, 6.3375, 1.195, 1.7799999999999998, 1.2225000000000001, 1.1524999999999999, 0.5449999999999999, 2.35, 4.08, 0.22000000000000003, 0.4575]"
2011-04-01_2011-06-30,"[0.75, 220.5, 72.6825, 43.6275, 26.74, 49.912499999999994, 15.112499999999999, 15.92, 47.455, 23.134999999999998, 2.9075, 2.2199999999999998, 1.5125000000000002, 0.67, 0.0, 0.0, 0.035, 0.6875, 5.0525, 9.157499999999999, 1.9275, 1.495, 1.71, 1.1675, 4.092499999999999, 2.4725, 0.9875, 0.18, 2.3725, 2.285, 2.725, 2.2925, 0.435, 0.0, 0.18, 0.1075, 5.154999999999999, 0.0, 0.5975, 0.035, 0.0725, 3.18, 1.0325, 0.29, 0.18, 0.425, 0.29, 1.4200000000000002, 0.8500000000000001, 0.7050000000000001, 0.1075, 0.0725, 0.46, 0.145, 0.35250000000000004, 0.0, 0.0, 6.385, 3.4175, 0.3625, 2.2175, 0.49750000000000005, 0.145, 1.4775, 3.17, 0.5325, 9.510000000000002, 0.3625, 6.4125, 2.7350000000000003, 2.7800000000000002, 1.06, 0.0725, 0.6699999999999999, 0.145, 0.035, 4.7425, 0.0, 4.705, 0.035, 0.0, 0.0, 32.974999999999994, 9.125, 1.84, 1.8375, 1.4025, 0.3525, 0.88, 0.9325, 2.1925, 0.0, 0.6775]"
2009-07-01_2009-09-30,"[0.5, 1616.75, 48.91, 40.105000000000004, 15.317499999999999, 29.38, 7.555, 13.12, 32.4675, 17.5, 1.2725, 0.405, 0.0975, 0.1525, 0.075, 0.05, 0.03, 0.8675, 4.574999999999999, 7.3575, 1.0725, 1.5425, 1.795, 0.1175, 3.7474999999999996, 1.505, 0.2425, 0.5275000000000001, 2.15, 0.515, 2.045, 1.4475, 0.575, 0.0125, 0.45, 0.05, 5.262499999999999, 0.0125, 0.4525, 0.0225, 0.0425, 1.6475, 0.66, 0.2375, 0.11, 0.1825, 0.32, 0.2275, 1.135, 1.0025, 0.0975, 0.03, 0.1475, 0.0275, 0.07, 0.02, 0.0475, 4.6850000000000005, 2.88, 0.2275, 1.365, 0.29, 0.0775, 1.3775, 2.4425, 0.5675, 8.094999999999999, 0.7575000000000001, 5.3125, 2.095, 0.95, 0.4175, 0.0925, 0.305, 0.0125, 0.1925, 0.7175, 0.0, 0.6825, 0.14, 0.0275, 0.005, 13.032499999999999, 4.6025, 0.5125, 2.085, 0.43, 0.0825, 0.285, 0.9325000000000001, 0.7575, 0.0, 0.1925]"
2009-10-01_2009-12-31,"[0.5, 15.75, 48.53, 30.2575, 38.2325, 30.939999999999998, 6.3325, 11.9525, 34.875, 16.865000000000002, 2.7025, 0.675, 0.0, 0.0, 0.675, 0.0, 0.0, 2.0275, 4.2375, 6.9399999999999995, 1.3525, 0.675, 0.9625, 0.0, 6.262499999999999, 0.0, 0.0, 0.0, 0.0, 0.9625, 1.3525, 1.3525, 0.0, 0.0, 0.0, 0.0, 2.0275, 0.0, 0.675, 0.0, 0.0, 3.5599999999999996, 1.9225, 0.0, 0.675, 1.6375000000000002, 0.0, 0.9625, 1.3525, 0.675, 0.675, 0.0, 0.0, 0.0, 0.0, 0.0, 0.0, 5.8725000000000005, 1.3525, 0.0, 2.5975, 0.9625, 0.9625, 1.9225, 2.7025, 1.3525, 11.85, 0.675, 7.9, 3.95, 3.5599999999999996, 0.675, 0.0, 0.0, 0.0, 0.0, 0.9625, 0.0, 0.9625, 0.0, 0.0, 0.0, 13.280000000000001, 4.5200000000000005, 0.0, 0.9625, 1.9225, 0.0, 0.675, 1.3525, 0.0, 0.0, 0.0]"
2010-01-01_2010-03-31,"[0.5, 241.5, 48.04, 28.5225, 11.767499999999998, 16.345, 8.45, 11.4575, 33.667500000000004, 18.025, 2.0175, 1.2375, 0.8175, 0.1725, 0.1875, 0.0, 0.0575, 0.78, 5.0875, 5.797499999999999, 2.7275, 1.51, 1.4175, 0.36, 4.5875, 2.0375, 0.93, 0.3125, 1.0225, 1.1325, 2.42, 1.2925, 1.1275, 0.0575, 0.5349999999999999, 0.21999999999999997, 2.2925, 0.0475, 0.10500000000000001, 0.115, 0.0575, 2.27, 0.6775, 0.4075, 0.49750000000000005, 0.15, 0.1975, 0.5825, 1.025, 0.7475, 0.10500000000000001, 0.1725, 0.36, 0.1725, 0.14, 0.0, 0.0475, 3.7675, 1.105, 0.42000000000000004, 1.7349999999999999, 0.4675, 0.265, 0.665, 4.03, 0.39499999999999996, 6.574999999999999, 0.5775, 4.485, 1.6724999999999999, 1.8375, 1.5174999999999998, 0.43999999999999995, 1.1425, 0.115, 0.4425, 1.46, 0.0, 1.4024999999999999, 0.0, 0.0575, 0.0, 15.9675, 5.9625, 0.6075, 0.6174999999999999, 0.755, 0.64, 0.1625, 2.0025, 1.025, 0.0, 0.3025]"
2010-04-01_2010-06-30,"[0.5, 970.25, 47.7975, 34.582499999999996, 11.43, 33.595, 7.6225, 11.59, 32.6825, 17.01, 1.9425, 1.4075, 0.41000000000000003, 0.48750000000000004, 0.19749999999999998, 0.205, 0.1075, 0.5325, 3.7874999999999996, 5.9625, 2.7175000000000002, 1.605, 1.53, 0.25, 4.465, 1.4849999999999999, 0.5175000000000001, 0.2625, 1.75, 1.4525000000000001, 2.195, 1.6225, 0.525, 0.0475, 0.2475, 0.03, 3.105, 0.0625, 0.1, 0.1275, 0.2475, 3.22, 1.2825, 0.41000000000000003, 0.425, 0.5225, 0.2675, 0.5775, 0.82, 0.345, 0.40249999999999997, 0.03, 0.39749999999999996, 0.15999999999999998, 0.2175, 0.0075, 0.1075, 4.3175, 1.3275, 0.69, 1.9125, 0.585, 0.1525, 0.7675000000000001, 3.3575, 0.9175, 6.125, 0.805, 3.3425000000000002, 2.055, 2.715, 1.2025000000000001, 0.0975, 0.5025000000000001, 0.015, 0.2025, 1.5625, 0.0475, 1.4425, 0.0, 0.07, 0.0, 18.9625, 5.6825, 1.1675, 0.8825000000000001, 1.35, 0.5525, 0.1125, 1.175, 1.73, 0.0, 0.195]"
2011-07-01_2011-09-30,"[0.5, 93.0, 45.6, 34.36, 14.059999999999999, 19.5375, 7.58, 11.2375, 34.5275, 20.14, 3.455, 2.8449999999999998, 1.115, 0.51, 0.615, 0.405, 0.2, 0.61, 4.465, 5.87, 2.23, 2.11, 2.215, 0.705, 5.175000000000001, 0.8049999999999999, 0.3, 0.71, 1.825, 0.505, 1.415, 0.8049999999999999, 0.51, 0.0, 0.0, 0.51, 4.475, 0.1, 0.405, 0.41, 0.405, 3.33, 0.505, 0.705, 0.405, 0.605, 0.8049999999999999, 0.9099999999999999, 0.605, 0.3, 0.205, 0.1, 0.0, 0.0, 0.0, 0.0, 0.0, 3.8499999999999996, 1.63, 0.3, 1.8199999999999998, 0.2, 0.0, 1.625, 3.55, 0.61, 6.9925, 0.51, 4.26, 2.2249999999999996, 1.7249999999999999, 0.505, 0.405, 0.9099999999999999, 0.0, 0.205, 1.53, 0.0, 1.53, 0.0, 0.0, 0.0, 18.955, 5.6925, 1.2149999999999999, 0.4, 1.93, 0.1, 0.1, 0.705, 2.23, 0.0, 0.9]"
2011-10-01_2011-12-31,"[0.5, 1375.5, 48.0575, 34.22, 28.475, 26.2425, 13.5725, 11.9025, 34.17, 17.0175, 2.09, 1.1525, 0.3375, 0.35, 0.3875, 0.03, 0.05, 0.94, 4.1674999999999995, 5.75, 1.9249999999999998, 1.6, 1.6625, 0.315, 4.0874999999999995, 1.915, 0.71, 0.34750000000000003, 1.2025000000000001, 1.025, 2.2075, 1.4625, 0.7424999999999999, 0.1275, 0.2875, 0.1825, 3.1574999999999998, 0.0, 0.0925, 0.08, 0.0875, 4.5600000000000005, 2.205, 0.5825, 0.3925, 0.5675, 0.4175, 0.82, 1.0375, 0.7375, 0.27, 0.03, 0.36750000000000005, 0.1325, 0.205, 0.0, 0.04, 4.57, 1.565, 0.51, 2.1675, 0.44499999999999995, 0.465, 0.895, 3.4175000000000004, 0.555, 8.16, 0.6825, 5.16, 2.45, 2.4025, 0.9275, 0.1375, 0.35750000000000004, 0.0875, 0.2575, 1.4300000000000002, 0.0, 1.3675000000000002, 0.055, 0.015, 0.005, 19.18, 3.7925, 1.3775, 0.7425, 1.265, 0.22999999999999998, 0.27, 1.3599999999999999, 2.24, 0.005, 0.91]"
2012-01-01_2012-03-31,"[0.5, 679.5, 47.3075, 30.7125, 15.28, 17.17, 10.192499999999999, 12.0125, 34.015, 17.465, 1.8250000000000002, 0.9299999999999999, 0.2625, 0.28250000000000003, 0.28250000000000003, 0.07, 0.03, 0.895, 4.04, 5.54, 2.1925, 1.6124999999999998, 2.24, 0.4275, 4.73, 1.8025, 0.7, 0.46, 1.365, 0.8925000000000001, 1.8325, 0.9775, 0.74, 0.04, 0.43000000000000005, 0.17, 2.8825000000000003, 0.02, 0.04, 0.06, 0.06, 4.47, 1.1975, 0.605, 0.3625, 0.9525, 0.5700000000000001, 1.275, 1.35, 1.0050000000000001, 0.11, 0.23249999999999998, 0.15, 0.04, 0.1, 0.01, 0.01, 3.845, 0.8225, 0.4675, 1.9975, 0.48000000000000004, 0.35750000000000004, 0.9975, 4.33, 0.34750000000000003, 6.5600000000000005, 0.5275, 3.16, 2.9325, 2.6574999999999998, 0.3, 0.02, 1.3250000000000002, 0.09, 0.2925, 1.485, 0.01, 1.415, 0.05, 0.01, 0.0, 19.06, 4.9, 1.495, 1.1300000000000001, 1.6475, 0.2025, 0.3375, 1.1524999999999999, 2.2575000000000003, 0.0, 0.13]"
2009-04-01_2009-06-30,"[0.25, 727.75, 24.6375, 16.025, 6.835, 13.215, 4.0875, 6.4075, 11.7475, 5.77, 0.4125, 0.24, 0.0775, 0.0675, 0.0675, 0.0075, 0.0175, 0.1725, 1.58, 2.645, 0.4025, 0.2575, 0.515, 0.0525, 0.98, 0.36, 0.0675, 0.0425, 2.3525, 0.13, 0.5675, 0.455, 0.095, 0.0, 0.035, 0.0075, 1.0225, 0.0075, 0.06, 0.0175, 0.0175, 1.4425, 0.9875, 0.1725, 0.025, 0.0525, 0.1125, 0.13, 0.2325, 0.1125, 0.0425, 0.0175, 0.19, 0.06, 0.0525, 0.0, 0.085, 1.03, 0.335, 0.1025, 0.49, 0.1375, 0.06, 0.3425, 0.67, 0.06, 3.185, 0.24, 2.215, 0.7375, 0.42, 0.5325, 0.12, 0.1975, 0.0, 0.145, 0.575, 0.0, 0.54, 0.215, 0.025, 0.0, 11.7825, 3.1775, 1.6225, 1.76, 0.49, 0.025, 0.1125, 1.065, 1.5125, 0.0, 0.2225]"
